K1,K2,K3,K4,K5,K6,K7,K8,K9,K10,Good
9.87269,10.063215,-1.385641,3.117691,10.58283,1.073872,9.491638,-7.084088,3.117691,-14.479945,0
10.271061,11.24101,-2.459512,3.810512,11.015843,1.108513,10.167138,-8.417767,4.399409,-13.717842,0
6.703037,8.1926,-0.415692,1.385641,12.089715,0.917987,6.443229,-2.320948,1.749371,-11.033164,0
6.616434,9.023985,-0.796743,3.117691,12.765214,0.987269,6.010216,-3.619986,1.645448,-12.28024,0
7.84619,10.2191,-2.667358,2.078461,11.777945,0.987269,7.551742,-4.122281,2.511474,-10.859959,0
6.720357,9.647523,-1.281718,2.217025,11.431535,0.467654,6.737678,-3.464102,1.71473,-11.622061,1
5.611845,9.093267,-1.489564,2.355589,12.384163,0.554256,5.940934,-2.805922,2.182384,-9.612882,1
5.958255,9.578241,-1.420282,2.424871,12.574689,0.710141,5.871652,-2.805922,1.887935,-10.704074,0
7.742267,9.370395,-1.420282,3.048409,12.245599,1.108513,7.309254,-4.849742,2.598076,-11.223689,0
5.715768,11.968471,-2.598076,2.355589,12.661291,0.450333,5.871652,-2.73664,2.217025,-10.825318,1
7.517101,11.25833,-2.875204,1.732051,14.081573,1.299038,6.720357,-2.944486,3.481422,-9.179869,0
6.235383,9.89001,-1.524205,5.12687,13.665881,0.658179,5.992896,-5.629165,2.944486,-10.756036,1
10.513548,9.630202,-1.69741,2.494153,8.764177,0.779423,10.305702,-7.257293,2.234346,-14.687791,0
9.751446,11.691343,-2.182384,2.840563,9.612882,0.779423,9.456997,-6.772319,2.199705,-15.294009,0
9.734126,11.119766,-2.078461,2.909845,11.379574,0.883346,9.508959,-6.876242,4.035678,-14.150855,0
8.660254,10.496228,-2.528794,4.364768,10.825318,0.866025,8.573651,-7.413177,2.73664,-11.067805,0
8.365805,7.603703,-0.103923,1.801333,9.093267,0.588897,8.556331,-4.849742,1.316359,-13.683201,0
10.721394,9.855369,-2.320948,3.39482,9.578241,1.143154,9.855369,-7.707626,1.939897,-13.735163,0
7.967434,10.028574,-1.420282,2.355589,13.96033,0.658179,7.863511,-4.711178,5.196152,-13.336791,0
9.716805,9.682164,-2.04382,1.801333,10.392305,1.004589,9.162549,-5.43864,2.424871,-12.921099,0
7.326575,9.422356,-2.078461,2.494153,12.020433,0.710141,7.447818,-4.43405,3.06573,-10.392305,0
5.715768,9.318433,-1.835974,2.494153,13.596599,0.727461,5.733088,-2.73664,2.875204,-8.972023,1
5.958255,9.56092,-1.766692,2.009179,12.072394,0.710141,5.975575,-2.511474,1.645448,-9.664844,1
5.923614,10.253741,-1.766692,2.494153,12.193638,0.710141,6.010216,-3.013768,1.818653,-10.998523,1
7.724947,10.738715,-1.905256,1.662769,11.812587,0.935307,7.49978,-3.654627,2.563435,-11.60474,0
10.080536,9.266472,-0.969948,4.919024,7.707626,0.831384,10.374984,-9.768767,1.801333,-15.519175,0
9.630202,10.063215,-2.217025,2.909845,10.669433,1.299038,9.405036,-6.789639,3.273576,-12.62665,0
7.967434,9.249151,-1.628128,2.217025,11.518138,1.02191,7.621024,-4.330127,2.268987,-11.223689,0
5.629165,9.249151,-0.935307,2.078461,11.154407,0.658179,5.80237,-2.39023,0.658179,-11.344933,0
10.946561,11.396894,-3.186973,2.009179,10.374984,0.779423,10.946561,-7.413177,4.693858,-14.081573,0
9.387715,9.768767,-1.628128,2.217025,10.56551,0.866025,9.249151,-5.923614,3.048409,-13.752483,0
9.699485,8.989344,-1.247077,3.879794,9.768767,1.091192,9.5436,-7.898152,2.580756,-13.891047,0
8.331164,12.176317,-3.602666,3.464102,11.448856,0.710141,8.296523,-6.235383,3.135012,-11.483497,0
6.391267,10.530869,-1.69741,1.939897,14.497265,1.004589,5.871652,-2.303628,3.325538,-10.686753,0
6.373947,10.704074,-1.69741,2.009179,12.28024,0.502295,6.287344,-2.788602,1.957217,-11.518138,1
8.002075,9.612882,-1.281718,1.662769,11.310292,0.744782,7.551742,-3.706589,1.887935,-12.782535,0
7.361216,9.249151,-0.69282,2.217025,10.23642,0.554256,7.49978,-4.208883,1.351,-13.458035,0
7.482459,10.080536,-1.247077,2.355589,11.085125,0.866025,7.084088,-3.931755,1.247077,-12.436125,1
10.132497,9.803408,-1.489564,2.632717,9.301113,1.073872,9.647523,-6.737678,1.835974,-14.67047,0
6.373947,8.625613,-0.242487,1.870615,12.713253,1.073872,5.819691,-2.182384,1.454923,-11.050484,0
5.196152,9.647523,-2.39023,2.147743,13.180907,0.415692,5.750409,-2.407551,3.013768,-7.932793,1
5.78505,9.058626,-0.866025,2.563435,11.58742,0.710141,5.80237,-2.892525,0.987269,-11.396894,1
6.356626,9.508959,-1.835974,2.147743,12.62665,0.415692,6.564473,-3.204294,2.875204,-10.617471,0
6.651075,9.855369,-0.796743,3.464102,13.30215,0.969948,6.235383,-4.191563,2.598076,-12.176317,0
7.032126,10.045895,-1.108513,2.840563,14.133535,1.073872,6.096819,-3.429461,2.771281,-12.678612,0
6.754998,9.855369,-1.212436,2.424871,11.985792,0.6755,6.547152,-3.481422,1.853294,-10.56551,1
7.378536,11.119766,-1.835974,1.870615,12.158997,0.588897,6.841601,-3.204294,1.939897,-13.579278,1
7.707626,9.578241,-1.524205,2.078461,11.535458,0.606218,7.655665,-4.226204,2.615397,-12.072394,0
6.166101,8.972023,-0.969948,5.12687,12.990381,0.69282,5.958255,-5.577204,2.217025,-11.725984,0
9.508959,9.87269,-2.078461,1.870615,9.786087,1.125833,9.370395,-5.715768,2.442192,-13.042343,0
6.252703,9.716805,-1.905256,2.078461,13.336791,0.658179,6.010216,-2.598076,2.632717,-9.734126,1
9.093267,10.2191,-1.662769,2.563435,9.058626,0.831384,9.075946,-6.13146,1.593487,-14.427983,0
6.443229,13.180907,-4.399409,3.256256,12.62665,0.814064,6.651075,-4.399409,2.961807,-8.625613,1
7.707626,9.491638,-1.385641,1.108513,11.60474,0.883346,7.447818,-3.048409,2.268987,-11.777945,0
6.46055,9.301113,-0.935307,2.078461,12.60933,1.004589,6.13146,-2.71932,1.939897,-11.119766,1
6.529832,9.249151,-1.489564,2.909845,11.691343,0.640859,6.287344,-3.706589,1.264397,-11.102446,1
10.097856,9.855369,-1.835974,2.009179,10.2191,0.935307,9.734126,-6.218062,3.013768,-13.96033,0
6.910883,9.162549,-1.212436,2.563435,11.985792,0.6755,6.858921,-3.914435,2.268987,-11.362253,0
9.87269,10.548189,-2.459512,2.078461,11.344933,1.108513,9.474318,-6.010216,3.793191,-13.28483,0
8.105998,10.357664,-2.078461,2.424871,12.643971,1.108513,7.638344,-4.555294,3.290897,-11.760625,0
10.877279,10.288382,-2.528794,3.325538,10.305702,0.952628,10.929241,-8.712216,4.659217,-13.319471,0
6.339306,7.551742,-0.277128,1.662769,11.864548,0.779423,5.819691,-1.974538,0.640859,-9.127908,0
6.044857,9.664844,-0.554256,1.939897,11.91651,0.779423,5.888973,-2.320948,1.125833,-12.26292,0
6.737678,8.660254,-0.831384,2.771281,12.592009,0.727461,6.14878,-3.41214,1.628128,-12.124356,1
6.841601,10.080536,-1.974538,1.939897,12.401484,0.640859,6.685716,-3.117691,2.407551,-9.89001,1
6.80696,9.162549,-0.831384,1.247077,12.695932,1.073872,6.425908,-2.165064,2.217025,-10.686753,0
9.595561,7.672985,-0.277128,2.217025,8.157959,0.744782,9.526279,-6.235383,1.091192,-14.254778,1
6.720357,9.110587,-1.385641,1.732051,11.881869,0.866025,6.564473,-2.788602,1.766692,-10.58283,0
8.764177,9.19719,-1.801333,1.870615,9.283792,0.588897,8.833459,-5.196152,1.662769,-12.886458,0
6.82428,9.318433,-1.212436,2.494153,11.362253,0.831384,6.754998,-3.74123,1.524205,-11.951151,0
6.703037,8.590972,-0.866025,1.385641,12.332202,1.160474,6.166101,-2.04382,1.437602,-9.630202,0
11.639381,9.231831,-1.524205,1.801333,8.556331,1.662769,10.634792,-6.893562,1.558846,-14.722432,0
5.923614,11.033164,-2.113102,3.879794,13.371432,0.814064,5.733088,-4.122281,2.442192,-10.634792,0
9.907331,9.370395,-1.420282,1.870615,9.19719,0.710141,9.803408,-6.166101,2.37291,-14.168176,1
8.469728,9.699485,-1.351,2.355589,11.396894,0.969948,8.071357,-4.901704,2.494153,-12.228279,0
8.400446,10.271061,-2.355589,5.12687,10.617471,0.779423,8.487049,-8.088677,2.615397,-11.466176,0
7.395857,9.941972,-1.212436,1.939897,10.825318,0.727461,7.309254,-3.74123,1.524205,-11.968471,1
10.340343,10.149818,-1.801333,3.048409,9.820728,1.125833,9.907331,-7.430498,2.71932,-14.376022,0
6.581793,8.590972,-0.935307,1.870615,10.981202,0.606218,6.651075,-3.031089,1.229756,-11.25833,1
5.819691,8.781498,-1.351,1.801333,14.029612,0.814064,5.819691,-2.130422,3.377499,-9.87269,0
7.395857,9.093267,-0.935307,1.593487,12.366843,0.69282,6.876242,-2.979127,2.251666,-10.323023,1
7.309254,9.87269,-1.143154,2.286307,11.951151,0.796743,7.118729,-3.897114,2.355589,-12.817176,0
8.17528,9.595561,-0.554256,2.632717,10.738715,2.857884,6.270024,-3.41214,-1.36832,-12.592009,1
7.482459,8.590972,-1.143154,1.593487,12.436125,1.004589,6.997485,-3.08305,2.424871,-10.617471,0
7.932793,10.253741,-1.524205,0.484974,12.089715,0.866025,7.447818,-2.424871,2.528794,-10.946561,0
5.975575,9.474318,-1.385641,3.186973,12.921099,0.588897,5.906293,-3.602666,2.286307,-10.807997,1
7.811549,8.677575,-0.727461,1.316359,11.58742,1.905256,6.754998,-2.563435,0.762102,-11.91651,0
5.837011,8.400446,-0.866025,1.870615,11.552779,0.6755,5.819691,-2.199705,0.883346,-10.721394,1
7.84619,9.387715,-1.766692,4.08764,13.007702,2.909845,5.750409,-4.330127,0.138564,-9.682164,0
7.690306,9.508959,-1.281718,3.602666,11.500817,0.935307,7.309254,-5.403999,1.905256,-12.540048,0
7.032126,10.132497,-1.524205,1.939897,11.483497,0.917987,6.754998,-3.186973,1.437602,-10.807997,1
6.114139,9.093267,-0.935307,2.009179,11.864548,0.848705,5.715768,-2.234346,0.710141,-11.518138,0
9.924651,10.842638,-2.494153,3.533384,9.976613,0.935307,9.768767,-7.776908,3.013768,-12.93842,0
9.87269,10.548189,-2.459512,2.078461,11.344933,1.108513,9.474318,-6.010216,3.793191,-13.28483,0
9.422356,11.275651,-3.152332,3.464102,10.963882,1.108513,9.21451,-7.15337,3.39482,-11.570099,0
6.47787,8.590972,-0.969948,1.662769,13.475355,0.796743,6.027537,-2.182384,2.528794,-10.392305,0
9.838049,10.253741,-1.628128,2.494153,10.011254,0.952628,9.578241,-6.547152,2.753961,-14.32406,0
8.071357,9.335754,-1.385641,0.969948,11.448856,0.640859,7.898152,-3.360179,2.650038,-12.436125,0
10.496228,10.998523,-1.766692,1.524205,8.937382,0.917987,10.149818,-6.14878,2.165064,-15.276688,0
6.13146,14.497265,-3.74123,2.771281,13.475355,0.814064,5.854332,-3.135012,2.580756,-11.171728,1
6.547152,9.959292,-1.351,1.662769,13.509996,0.866025,6.166101,-2.320948,2.771281,-11.379574,0
6.425908,9.664844,-1.108513,1.939897,11.847228,0.640859,6.200742,-2.632717,1.299038,-12.124356,1
8.452408,9.630202,-1.662769,3.671948,13.059663,1.125833,7.967434,-6.114139,3.966396,-11.91651,0
5.681127,9.474318,-0.866025,2.078461,11.58742,0.779423,5.78505,-2.355589,0.952628,-11.119766,0
6.80696,9.041305,-0.554256,1.454923,11.448856,0.6755,6.599114,-2.563435,1.36832,-11.518138,1
10.340343,9.21451,-0.727461,1.524205,8.002075,0.6755,10.478907,-6.46055,1.991858,-15.934867,0
7.621024,11.691343,-2.251666,0.969948,13.527317,0.917987,7.118729,-2.580756,3.619986,-12.037753,0
6.14878,8.85078,-1.385641,2.078461,11.466176,0.744782,6.13146,-2.73664,1.160474,-9.768767,1
6.270024,9.751446,-2.598076,0.069282,12.401484,0.6755,6.235383,-0.814064,2.130422,-7.101408,1
7.759588,12.055074,-2.667358,3.74123,12.522727,0.917987,7.447818,-5.681127,3.135012,-12.176317,0
8.452408,11.275651,-1.489564,3.117691,11.708663,1.160474,7.690306,-5.282755,2.06114,-14.029612,0
8.383126,8.712216,-1.212436,1.870615,10.080536,0.588897,8.365805,-4.728499,1.905256,-12.522727,0
6.858921,10.530869,-1.801333,3.186973,12.540048,1.143154,6.391267,-4.070319,1.939897,-11.085125,0
8.556331,9.630202,-1.905256,2.355589,10.929241,0.848705,7.950113,-4.797781,1.749371,-12.921099,0
11.639381,9.231831,-1.524205,1.801333,8.556331,1.662769,10.634792,-6.893562,1.558846,-14.722432,0
6.581793,9.716805,-1.212436,2.217025,14.393342,1.056551,5.819691,-2.528794,2.927166,-10.825318,0
7.950113,9.820728,-1.247077,2.979127,11.795266,0.883346,7.690306,-5.144191,2.650038,-13.28483,0
7.101408,10.548189,-1.939897,2.286307,11.985792,0.935307,6.858921,-3.637307,2.078461,-11.777945,0
7.274613,10.461587,-1.801333,2.078461,10.340343,0.779423,7.534421,-4.10496,1.610807,-12.418804,0
7.326575,8.660254,-1.489564,2.771281,11.466176,0.744782,7.413177,-4.676537,2.442192,-10.426946,1
8.019395,10.877279,-2.875204,3.39482,13.250189,0.969948,7.672985,-5.559883,4.052999,-10.686753,0
6.47787,10.738715,-2.459512,1.801333,13.406073,1.143154,5.958255,-2.251666,2.320948,-9.820728,0
7.447818,10.253741,-2.459512,4.641896,11.58742,0.727461,7.776908,-6.893562,3.117691,-10.444266,0
7.447818,9.699485,-1.524205,0.831384,13.700522,1.195115,6.80696,-2.130422,3.342858,-9.474318,0
8.123318,9.959292,-1.905256,2.632717,11.292971,1.02191,7.898152,-5.022947,2.442192,-11.968471,0
5.958255,9.127908,-1.351,2.355589,12.747894,0.796743,5.837011,-2.684679,1.939897,-10.478907,0
6.096819,8.833459,-1.281718,2.494153,11.829907,0.571577,6.235383,-3.221615,1.680089,-10.91192,0
7.776908,9.19719,-1.247077,2.909845,12.107035,1.143154,7.274613,-4.676537,2.355589,-11.500817,0
7.326575,9.699485,-1.939897,2.563435,11.864548,0.606218,7.205331,-4.278165,2.476833,-10.652112,1
6.13146,9.751446,-1.524205,2.078461,12.28024,0.6755,6.287344,-2.857884,2.199705,-11.223689,0
8.123318,8.608293,-1.385641,1.524205,10.132497,0.796743,8.140639,-4.156922,1.766692,-11.60474,0
7.794229,11.327612,-2.875204,2.909845,13.28483,0.883346,7.482459,-4.884383,3.931755,-11.050484,0
8.694895,11.310292,-2.528794,2.840563,10.686753,0.952628,8.504369,-5.837011,2.476833,-12.384163,0
8.972023,10.721394,-2.944486,2.217025,11.812587,1.073872,8.17528,-4.884383,2.667358,-12.072394,0
5.646486,11.171728,-1.351,2.840563,12.903779,0.519615,5.958255,-3.308217,2.701999,-12.713253,1
7.49978,11.119766,-1.905256,1.662769,14.30674,1.056551,6.772319,-2.927166,3.827832,-12.366843,0
9.093267,9.422356,-1.351,2.979127,11.310292,1.056551,8.331164,-5.78505,2.303628,-12.765214,0
8.729536,10.461587,-2.73664,2.009179,10.859959,0.917987,8.383126,-4.884383,2.37291,-11.91651,0
6.772319,9.491638,-1.489564,2.424871,12.505407,0.640859,6.789639,-3.706589,2.788602,-10.981202,1
7.17069,9.595561,-0.866025,2.286307,11.275651,0.6755,6.789639,-3.568025,1.160474,-12.470766,1
6.044857,10.461587,-1.974538,2.217025,13.509996,0.519615,5.940934,-2.667358,2.875204,-10.756036,1
6.010216,9.87269,-1.420282,1.939897,12.62665,0.796743,5.837011,-2.268987,1.766692,-10.859959,0
6.46055,9.716805,-2.113102,3.39482,12.332202,0.727461,6.547152,-4.451371,2.494153,-9.734126,1
6.062178,9.993933,-0.381051,1.801333,12.903779,0.779423,6.096819,-2.39023,2.511474,-13.458035,0
6.651075,11.119766,-1.801333,2.424871,13.717842,1.02191,5.819691,-2.753961,2.234346,-11.58742,1
6.235383,9.89001,-1.524205,5.12687,13.665881,0.658179,5.992896,-5.629165,2.944486,-10.756036,1
6.13146,10.704074,-2.805922,1.03923,14.150855,1.056551,5.837011,-1.36832,3.169653,-8.279203,0
9.993933,10.513548,-2.39023,2.147743,11.691343,1.160474,8.954703,-5.577204,3.031089,-13.180907,0
7.655665,11.015843,-2.182384,2.217025,12.384163,0.952628,7.257293,-3.966396,2.71932,-11.864548,0
8.036716,10.600151,-2.320948,2.632717,12.314881,0.883346,7.811549,-4.936345,3.377499,-11.777945,0
7.49978,10.132497,-2.078461,1.939897,12.332202,0.6755,7.257293,-3.689268,2.823243,-10.756036,1
6.010216,9.734126,-1.628128,2.840563,13.406073,0.952628,5.819691,-3.152332,2.511474,-10.253741,0
6.235383,9.075946,-1.073872,2.771281,12.193638,0.935307,5.871652,-3.135012,1.177795,-11.119766,0
5.975575,8.694895,-0.866025,2.701999,13.232868,0.987269,5.888973,-3.08305,2.511474,-10.842638,0
5.750409,8.972023,-0.588897,2.494153,13.215548,0.640859,5.888973,-2.875204,2.71932,-11.015843,0
7.465139,10.738715,-1.628128,2.009179,11.119766,0.502295,7.621024,-4.122281,2.37291,-12.678612,1
6.720357,10.548189,-2.320948,2.840563,13.752483,0.866025,6.062178,-3.39482,2.632717,-10.201779,0
6.651075,9.786087,-0.866025,1.939897,10.877279,0.640859,6.703037,-3.152332,1.160474,-10.513548,1
9.041305,10.842638,-2.875204,3.533384,10.929241,0.866025,8.798818,-6.80696,2.909845,-11.223689,0
6.789639,8.140639,-0.415692,3.048409,10.305702,0.467654,7.274613,-4.815101,1.541525,-11.795266,1
8.296523,9.353074,-1.351,1.939897,10.184459,0.779423,8.227241,-4.659217,1.818653,-13.163586,0
5.992896,9.907331,-0.588897,1.870615,10.773356,0.640859,6.373947,-2.753961,1.056551,-12.089715,1
6.858921,10.530869,-1.801333,3.186973,12.540048,1.143154,6.391267,-4.070319,1.939897,-11.085125,0
7.309254,9.491638,-0.935307,2.217025,11.518138,0.814064,7.118729,-3.827832,1.922576,-12.903779,0
7.101408,8.53901,-1.420282,2.009179,11.033164,0.398372,7.395857,-3.897114,2.199705,-11.015843,0
6.270024,8.52169,-0.519615,2.840563,13.094304,0.866025,5.871652,-3.204294,2.04382,-11.327612,0
10.253741,9.976613,-1.905256,1.385641,8.642934,0.866025,9.959292,-5.819691,1.732051,-14.341381,0
7.257293,10.704074,-1.420282,1.801333,12.314881,0.796743,6.945524,-3.238935,2.424871,-13.267509,0
10.704074,9.699485,-1.558846,3.533384,8.469728,0.883346,10.426946,-8.417767,1.991858,-15.242047,0
8.52169,9.508959,-1.004589,2.217025,10.600151,0.796743,8.088677,-4.797781,1.732051,-14.012291,0
6.47787,11.743304,-2.459512,2.009179,14.358701,0.883346,5.958255,-2.459512,3.273576,-10.807997,0
6.772319,8.833459,-1.212436,0.69282,11.725984,0.831384,6.287344,-1.472243,1.004589,-9.058626,0
6.096819,8.313844,-0.69282,3.39482,11.691343,1.125833,5.750409,-3.637307,0.571577,-10.617471,0
6.321985,9.5436,-1.281718,2.217025,12.349522,0.848705,5.871652,-2.598076,1.299038,-10.617471,1
7.482459,9.474318,-1.247077,1.870615,12.574689,1.143154,6.893562,-3.256256,2.355589,-11.656702,1
7.222652,9.335754,-1.835974,3.256256,13.64856,1.818653,5.958255,-3.706589,1.818653,-10.340343,0
7.274613,9.803408,-1.905256,2.009179,12.834496,0.710141,6.858921,-3.360179,2.753961,-10.790677,1
7.465139,9.578241,-1.073872,1.870615,11.570099,0.710141,7.118729,-3.481422,1.818653,-12.470766,0
6.200742,9.249151,-0.796743,1.662769,13.804445,0.814064,5.888973,-2.04382,2.857884,-11.829907,0
6.252703,10.080536,-1.524205,2.147743,12.557368,0.935307,5.871652,-2.511474,1.524205,-11.015843,0
6.945524,9.699485,-0.415692,2.494153,12.505407,0.917987,5.837011,-2.823243,0.710141,-13.891047,0
7.672985,11.362253,-3.08305,2.078461,12.643971,0.744782,7.672985,-4.243524,3.793191,-10.738715,0
8.383126,9.941972,-1.662769,2.563435,11.344933,1.056551,7.967434,-5.022947,2.37291,-11.725984,0
8.417767,9.041305,-1.420282,1.939897,9.058626,0.640859,8.625613,-5.057588,1.36832,-11.58742,1
10.011254,12.401484,-3.08305,1.801333,10.773356,0.969948,9.87269,-6.13146,3.879794,-13.440714,0
6.304665,9.318433,-0.381051,2.078461,14.67047,0.744782,6.13146,-2.701999,4.10496,-12.453445,0
6.096819,10.461587,-2.459512,1.939897,13.561958,0.814064,5.975575,-2.407551,2.892525,-9.820728,0
6.616434,8.504369,-0.554256,2.286307,13.198227,0.969948,5.837011,-2.615397,1.732051,-10.600151,1
8.365805,9.838049,-1.489564,1.801333,12.384163,1.056551,7.82887,-4.10496,3.100371,-12.401484,0
5.975575,8.261882,-0.554256,1.03923,12.176317,0.571577,5.80237,-1.351,1.333679,-10.946561,1
9.751446,9.058626,-1.143154,1.870615,8.816139,0.987269,9.820728,-6.166101,2.130422,-14.65315,0
9.162549,10.790677,-2.217025,2.286307,9.959292,1.125833,8.798818,-5.559883,1.818653,-12.95574,0
6.391267,9.976613,-1.558846,1.108513,12.60933,0.710141,6.218062,-1.853294,2.234346,-9.595561,1
5.733088,11.206369,-2.182384,2.701999,13.232868,0.606218,5.854332,-3.08305,2.788602,-10.409625,1
5.888973,10.600151,-2.04382,2.009179,13.30215,0.69282,5.819691,-2.320948,2.528794,-11.119766,0
6.062178,9.56092,-1.628128,1.732051,12.62665,0.588897,5.871652,-2.113102,1.835974,-10.392305,0
7.569062,8.85078,-1.073872,1.801333,10.253741,0.536936,7.950113,-4.243524,2.06114,-12.522727,1
8.972023,10.981202,-2.73664,1.177795,10.998523,0.658179,9.093267,-4.745819,3.637307,-11.60474,0
7.465139,9.335754,-1.108513,2.563435,11.25833,0.536936,7.222652,-4.278165,1.71473,-12.93842,1
8.279203,10.011254,-1.558846,3.74123,12.973061,3.100371,5.888973,-4.122281,-0.051962,-9.907331,0
10.409625,11.500817,-2.875204,2.217025,11.431535,1.073872,9.855369,-6.547152,4.156922,-13.250189,0
6.547152,9.647523,-1.143154,2.701999,13.423394,0.952628,6.166101,-3.360179,2.684679,-11.015843,0
10.478907,9.786087,-1.69741,1.593487,8.227241,0.935307,10.340343,-6.391267,1.801333,-14.722432,0
6.096819,9.87269,-1.212436,1.939897,12.695932,0.6755,5.888973,-2.320948,1.853294,-11.033164,0
7.222652,8.348485,-1.073872,1.524205,12.176317,0.727461,6.928203,-2.944486,2.286307,-11.25833,0
5.767729,8.140639,-0.242487,3.602666,11.189048,0.571577,5.975575,-4.070319,0.848705,-11.137087,0
5.490601,9.439677,-0.935307,2.217025,13.717842,0.467654,5.837011,-2.546115,3.377499,-10.877279,0
6.373947,9.751446,-0.969948,1.454923,12.678612,0.866025,5.923614,-1.870615,1.628128,-11.93383,0
8.1926,8.712216,-1.212436,1.524205,8.816139,0.831384,8.469728,-4.486012,1.03923,-12.314881,0
7.049447,9.162549,-1.905256,1.939897,11.171728,0.363731,7.188011,-3.637307,2.026499,-10.201779,1
7.655665,9.820728,-2.04382,2.494153,10.634792,0.554256,7.776908,-4.76314,2.009179,-11.899189,1
8.764177,9.682164,-1.558846,2.355589,11.067805,0.588897,8.885421,-5.715768,3.498743,-13.128945,0
6.218062,9.491638,-1.212436,3.533384,13.059663,0.883346,6.235383,-4.260845,2.788602,-10.963882,0
5.906293,8.556331,-0.727461,2.286307,12.176317,0.658179,5.923614,-2.701999,1.593487,-11.466176,0
6.010216,8.261882,-0.658179,2.701999,11.93383,0.640859,5.767729,-2.979127,0.987269,-11.25833,1
8.52169,11.379574,-2.909845,2.217025,12.089715,0.848705,8.400446,-5.092229,3.793191,-12.020433,0
5.559883,8.989344,-1.385641,2.632717,12.401484,0.450333,5.80237,-2.944486,1.974538,-10.271061,1
6.339306,9.006664,-1.108513,2.078461,12.003112,0.779423,6.373947,-2.944486,1.887935,-10.790677,0
7.724947,11.067805,-3.290897,1.247077,13.423394,0.814064,7.586383,-3.325538,4.347448,-9.630202,0
9.301113,10.253741,-2.355589,1.524205,10.392305,0.779423,9.058626,-5.074909,2.684679,-12.505407,0
6.47787,10.669433,-2.39023,1.870615,14.376022,1.004589,6.010216,-2.37291,3.39482,-10.028574,0
7.984754,7.898152,-0.450333,1.939897,9.803408,0.710141,8.054036,-4.486012,1.402961,-12.107035,1
9.87269,10.288382,-1.939897,4.018358,8.885421,0.866025,9.682164,-8.17528,1.801333,-13.423394,0
6.010216,9.19719,-0.935307,2.286307,12.903779,0.814064,5.733088,-2.528794,1.887935,-10.91192,1
9.439677,10.496228,-2.251666,2.078461,12.107035,1.056551,9.075946,-5.629165,4.243524,-13.319471,0
5.80237,10.080536,-2.04382,3.39482,12.28024,0.606218,5.958255,-3.862473,1.922576,-9.422356,1
8.313844,9.803408,-2.251666,3.879794,12.26292,3.08305,5.975575,-4.347448,-0.623538,-8.972023,0
8.002075,9.855369,-2.182384,2.078461,10.929241,0.710141,7.915472,-4.486012,2.234346,-11.622061,0
7.032126,9.075946,-1.351,5.12687,12.488086,0.987269,6.512511,-6.13146,1.957217,-11.483497,1
9.474318,9.838049,-2.320948,1.801333,10.58283,0.952628,8.954703,-5.230793,2.442192,-12.661291,0
6.82428,11.067805,-1.905256,1.732051,13.025022,1.004589,5.888973,-2.113102,1.454923,-12.020433,0
10.011254,10.807997,-3.325538,2.494153,10.946561,1.108513,9.179869,-6.13146,2.667358,-12.055074,0
6.096819,8.556331,-1.281718,3.39482,11.310292,0.536936,6.391267,-4.278165,1.472243,-10.115177,1
5.698447,8.52169,-0.796743,3.39482,12.574689,0.606218,5.923614,-3.810512,2.199705,-11.189048,0
6.062178,11.951151,-4.122281,1.454923,14.064253,0.658179,5.767729,-1.71473,3.013768,-8.054036,0
5.888973,10.600151,-2.04382,2.009179,13.30215,0.69282,5.819691,-2.320948,2.528794,-11.119766,0
8.313844,10.271061,-2.771281,1.870615,11.760625,1.125833,7.82887,-4.191563,2.580756,-9.474318,1
6.82428,9.699485,-1.69741,3.186973,14.012291,1.264397,5.888973,-3.568025,2.442192,-10.859959,0
7.690306,9.491638,-2.04382,1.524205,12.436125,1.108513,7.274613,-3.290897,2.771281,-10.323023,0
5.681127,7.672985,-0.173205,0.831384,10.548189,0.259808,5.819691,-1.143154,-0.017321,-9.145228,1
10.478907,9.786087,-1.69741,1.593487,8.227241,0.935307,10.340343,-6.391267,1.801333,-14.722432,0
8.85078,11.344933,-3.048409,4.295486,11.466176,0.935307,8.573651,-7.343895,3.186973,-10.998523,0
7.759588,10.738715,-0.554256,2.771281,9.924651,0.969948,7.603703,-4.849742,0.796743,-15.138124,0
7.239972,10.634792,-0.796743,3.186973,10.478907,0.710141,7.274613,-4.953665,1.264397,-14.289419,1
5.78505,10.201779,-0.554256,2.701999,11.639381,0.398372,5.871652,-3.08305,1.125833,-13.042343,1
7.413177,9.751446,-1.420282,2.078461,11.570099,0.727461,7.205331,-3.775871,2.04382,-12.488086,0
6.252703,8.902741,-0.519615,0.900666,11.691343,0.796743,5.888973,-1.281718,0.69282,-11.015843,0
12.886458,10.305702,-1.939897,3.39482,11.58742,4.728499,9.145228,-6.997485,0.363731,-11.985792,0
6.82428,9.179869,-1.69741,1.108513,11.743304,0.571577,6.651075,-2.268987,1.749371,-10.374984,1
5.888973,10.600151,-2.04382,2.009179,13.30215,0.69282,5.819691,-2.320948,2.528794,-11.119766,0
8.556331,10.357664,-2.73664,1.732051,10.807997,0.969948,8.227241,-4.451371,2.182384,-11.58742,0
6.218062,9.630202,-1.351,2.009179,12.886458,0.6755,5.958255,-2.459512,2.06114,-11.310292,0
8.590972,8.348485,-0.831384,2.217025,10.097856,0.69282,8.989344,-5.681127,2.909845,-13.700522,0
9.387715,9.266472,-0.866025,2.078461,10.530869,1.229756,9.075946,-5.629165,2.71932,-14.687791,0
6.321985,9.058626,-0.277128,4.156922,11.691343,0.727461,6.616434,-5.265434,2.078461,-13.042343,0
6.720357,12.055074,-2.355589,3.048409,12.28024,0.935307,6.651075,-4.208883,2.39023,-11.24101,1
6.339306,9.422356,-1.489564,1.524205,12.817176,0.6755,5.992896,-2.026499,1.991858,-10.548189,1
7.932793,10.617471,-2.39023,3.39482,13.30215,2.805922,5.888973,-3.775871,0.623538,-9.353074,0
8.019395,8.365805,-0.415692,0.415692,10.859959,0.831384,7.395857,-2.303628,1.108513,-10.877279,0
8.452408,10.686753,-2.909845,2.286307,10.184459,1.247077,8.313844,-5.092229,1.835974,-11.015843,0
7.707626,10.149818,-1.524205,1.247077,12.314881,0.917987,7.378536,-3.100371,2.788602,-12.557368,0
8.348485,11.119766,-2.04382,2.494153,14.410663,1.091192,7.413177,-4.382089,4.312807,-12.62665,0
6.651075,9.924651,-1.420282,1.524205,13.458035,0.917987,6.010216,-2.026499,2.303628,-10.080536,0
9.318433,12.245599,-2.459512,2.979127,11.500817,0.883346,8.53901,-5.992896,2.684679,-14.705111,0
6.633755,9.093267,-1.385641,2.078461,12.62665,0.710141,6.321985,-2.909845,2.165064,-10.409625,1
8.123318,10.444266,-2.04382,2.355589,11.899189,1.02191,7.82887,-4.659217,2.857884,-11.344933,0
9.734126,11.25833,-2.494153,2.009179,10.530869,0.866025,9.526279,-5.992896,3.221615,-13.198227,0
7.932793,10.288382,-1.385641,3.39482,11.743304,1.02191,7.551742,-5.421319,2.338269,-12.540048,0
5.733088,10.392305,-1.108513,2.424871,12.643971,0.779423,5.888973,-2.805922,2.165064,-12.349522,0
8.002075,10.652112,-2.598076,2.632717,12.574689,0.831384,7.724947,-4.849742,3.498743,-11.292971,0
6.304665,10.045895,-2.39023,2.840563,13.873727,0.727461,5.992896,-3.342858,3.08305,-9.456997,1
8.1926,8.746857,-0.796743,2.217025,11.310292,0.935307,7.49978,-4.208883,1.593487,-13.406073,0
9.041305,10.340343,-3.152332,1.939897,10.097856,1.108513,8.85078,-5.265434,2.182384,-10.756036,0
11.067805,10.184459,-2.320948,2.771281,9.993933,0.969948,10.496228,-7.724947,3.290897,-14.30674,0
12.158997,9.179869,-1.281718,3.048409,11.310292,5.040268,7.811549,-5.352037,-1.749371,-11.743304,0
5.78505,9.249151,-1.385641,1.732051,12.470766,0.658179,5.854332,-2.113102,1.974538,-9.993933,1
8.435087,9.491638,-1.385641,2.909845,10.929241,0.866025,8.1926,-5.594524,2.355589,-12.851817,0
6.772319,11.951151,-2.667358,2.147743,14.237458,0.848705,6.166101,-2.805922,3.273576,-11.102446,0
5.629165,7.759588,-0.69282,2.701999,11.24101,0.831384,5.750409,-2.944486,0.588897,-9.231831,0
6.079498,10.652112,-2.598076,0.623538,13.388753,0.796743,5.888973,-1.004589,2.563435,-9.023985,0
8.53901,8.972023,-1.628128,2.217025,10.461587,0.883346,8.417767,-5.12687,2.234346,-11.379574,1
8.279203,10.028574,-1.974538,2.078461,12.765214,0.848705,7.361216,-3.931755,2.684679,-12.62665,0
9.647523,10.063215,-1.766692,3.186973,9.335754,1.02191,9.301113,-6.962844,1.71473,-14.150855,0
8.400446,9.907331,-2.182384,2.217025,12.349522,1.143154,7.863511,-4.572614,3.152332,-11.518138,0
6.391267,9.439677,-1.073872,2.632717,13.354112,1.02191,6.044857,-3.186973,2.580756,-11.102446,0
6.235383,9.093267,-0.588897,2.494153,11.431535,0.831384,5.958255,-2.944486,0.588897,-12.436125,0
9.526279,11.085125,-3.464102,3.048409,13.354112,3.897114,6.512511,-4.052999,0.32909,-8.17528,0
7.291934,12.089715,-1.143154,3.39482,11.292971,1.056551,7.118729,-5.005627,1.71473,-14.705111,0
7.395857,9.231831,-2.251666,2.078461,11.881869,0.796743,7.205331,-3.793191,2.424871,-9.283792,1
6.581793,9.231831,-1.69741,2.286307,12.973061,0.727461,6.46055,-3.256256,2.840563,-10.028574,1
9.976613,10.323023,-2.251666,1.939897,10.998523,0.935307,9.595561,-6.010216,3.637307,-12.973061,0
6.027537,9.075946,-1.143154,2.009179,11.91651,0.710141,6.096819,-2.615397,1.610807,-10.2191,1
6.13146,9.56092,-1.835974,2.632717,12.297561,0.519615,6.114139,-3.238935,1.870615,-10.340343,0
7.880831,9.456997,-0.796743,1.316359,12.089715,0.848705,6.893562,-2.701999,1.472243,-13.561958,0
5.629165,9.249151,-0.935307,2.078461,11.154407,0.658179,5.80237,-2.39023,0.658179,-11.344933,0
8.071357,9.023985,-0.969948,1.454923,11.24101,1.922576,6.928203,-2.875204,0.502295,-12.072394,0
5.923614,9.786087,-1.835974,2.217025,12.418804,0.883346,5.958255,-2.667358,1.887935,-9.941972,0
8.608293,8.417767,-0.969948,2.009179,9.941972,0.987269,8.313844,-4.815101,1.437602,-12.765214,0
8.071357,9.595561,-1.247077,1.524205,11.085125,0.6755,7.984754,-3.983717,2.407551,-11.396894,0
6.339306,10.080536,-1.281718,3.325538,13.596599,0.831384,6.13146,-3.931755,2.944486,-11.639381,0
6.183421,9.318433,-1.004589,1.939897,12.072394,0.917987,5.871652,-2.320948,1.160474,-11.518138,1
9.838049,9.21451,-1.524205,2.009179,8.746857,1.108513,9.370395,-5.854332,1.073872,-14.168176,0
9.87269,9.162549,-0.866025,1.662769,8.660254,1.056551,9.456997,-5.594524,1.125833,-14.964919,0
6.13146,10.028574,-1.524205,2.424871,12.314881,0.710141,5.975575,-2.892525,1.610807,-11.344933,0
9.075946,9.838049,-1.108513,1.801333,11.639381,0.866025,8.920062,-5.213473,3.879794,-14.064253,0
6.13146,9.301113,-1.351,2.840563,12.020433,0.969948,6.114139,-3.446781,1.593487,-10.323023,0
7.101408,10.340343,-1.835974,2.217025,13.423394,0.814064,6.841601,-3.550704,3.481422,-11.189048,0
10.444266,13.406073,-3.152332,2.563435,10.686753,1.004589,9.751446,-6.772319,3.117691,-15.32865,0
7.274613,8.105998,-0.381051,0,13.059663,1.281718,5.923614,-0.415692,1.108513,-10.652112,0
9.370395,9.491638,-1.524205,2.078461,10.080536,1.108513,9.318433,-5.871652,2.771281,-13.821765,0
6.027537,10.807997,-1.143154,3.048409,12.453445,0.848705,5.888973,-3.429461,1.680089,-12.817176,0
6.062178,9.838049,-1.281718,2.632717,12.695932,0.640859,5.923614,-3.048409,1.957217,-11.760625,1
8.53901,9.526279,-1.905256,2.009179,9.803408,0.779423,8.365805,-4.867063,1.472243,-12.817176,0
7.84619,11.015843,-2.73664,2.563435,12.713253,0.848705,7.569062,-4.624576,3.481422,-11.206369,0
6.945524,11.570099,-2.632717,3.117691,12.95574,0.917987,6.720357,-4.330127,2.927166,-11.327612,0
7.274613,10.011254,-1.004589,1.316359,12.107035,0.814064,7.118729,-2.927166,2.546115,-12.574689,0
9.127908,11.396894,-2.771281,2.286307,10.617471,0.814064,9.075946,-5.837011,3.06573,-12.505407,0
5.975575,9.803408,-1.766692,2.217025,13.042343,0.744782,5.733088,-2.459512,2.06114,-10.340343,0
10.56551,8.53901,-0.69282,1.732051,8.105998,0.917987,10.323023,-6.529832,1.610807,-15.519175,0
5.888973,8.52169,-0.935307,2.078461,12.834496,0.433013,5.78505,-2.39023,2.095781,-10.496228,1
6.495191,9.976613,-1.69741,1.732051,13.544637,0.6755,5.975575,-2.199705,2.476833,-10.634792,0
7.239972,10.167138,-0.727461,1.732051,12.141676,0.744782,6.841601,-3.06573,2.06114,-13.319471,1
5.958255,9.803408,-1.558846,3.186973,14.064253,0.917987,5.906293,-3.568025,3.342858,-6.14878,0
6.096819,8.123318,-0.450333,2.009179,11.795266,0.571577,5.871652,-2.37291,0.917987,-11.91651,0
7.482459,9.21451,-1.212436,2.078461,11.552779,0.883346,6.997485,-3.568025,1.541525,-12.60933,0
8.53901,10.374984,-2.632717,1.524205,11.847228,0.969948,8.348485,-4.347448,3.429461,-11.015843,0
10.115177,12.055074,-2.182384,2.771281,10.253741,0.935307,9.578241,-6.80696,2.667358,-15.934867,0
7.863511,11.119766,-3.013768,2.979127,13.856406,0.969948,7.586383,-5.057588,4.641896,-10.496228,0
7.811549,8.279203,-0.727461,3.39482,12.089715,0.883346,7.638344,-5.525242,3.031089,-11.310292,0
8.331164,9.405036,-1.766692,2.009179,12.366843,0.969948,7.603703,-4.08764,2.667358,-11.847228,0
5.992896,14.410663,-3.429461,2.494153,12.869138,0.588897,5.906293,-2.909845,2.217025,-11.674022,1
8.729536,9.751446,-2.528794,2.355589,10.097856,0.779423,8.798818,-5.646486,2.442192,-11.483497,0
6.80696,9.162549,-0.831384,1.247077,12.695932,1.073872,6.425908,-2.165064,2.217025,-10.686753,0
6.270024,9.941972,-1.662769,1.316359,14.289419,1.264397,5.819691,-1.628128,3.135012,-10.409625,0
5.888973,8.642934,-0.415692,3.186973,11.431535,1.073872,5.78505,-3.464102,0.588897,-11.344933,0
8.677575,11.154407,-3.429461,1.870615,10.738715,1.091192,8.227241,-4.589935,1.991858,-10.600151,0
8.52169,9.647523,-2.251666,3.256256,9.976613,0.69282,8.660254,-6.408588,2.251666,-12.141676,0
6.547152,8.227241,-0.969948,2.286307,11.275651,0.866025,6.287344,-3.08305,0.831384,-11.310292,1
6.772319,11.708663,-2.979127,2.355589,14.895637,0.935307,6.252703,-3.100371,4.10496,-10.253741,0
7.274613,8.833459,-0.831384,2.217025,11.448856,0.848705,6.945524,-3.654627,1.541525,-10.877279,0
8.036716,11.362253,-3.08305,3.810512,13.232868,0.796743,7.759588,-6.062178,4.191563,-11.102446,0
9.508959,12.436125,-2.355589,2.632717,11.327612,1.091192,8.816139,-5.906293,2.823243,-15.034201,0
8.660254,10.513548,-2.459512,2.632717,10.963882,0.606218,8.417767,-5.542563,2.615397,-11.93383,1
9.716805,9.820728,-1.281718,2.147743,10.184459,0.848705,9.526279,-6.13146,2.892525,-13.96033,0
6.754998,8.8681,-1.801333,1.662769,12.505407,0.866025,6.789639,-2.944486,2.805922,-9.941972,1
5.854332,9.439677,-1.073872,2.078461,11.881869,0.606218,5.767729,-2.355589,1.091192,-11.535458,1
6.928203,11.847228,-2.182384,3.256256,13.111625,1.02191,6.339306,-4.08764,2.338269,-11.777945,0
7.482459,10.115177,-1.385641,2.286307,11.518138,0.710141,7.17069,-3.949076,1.853294,-13.180907,0
10.946561,9.439677,-1.905256,1.870615,8.972023,0.831384,10.56551,-6.893562,2.528794,-14.583868,0
9.89001,10.167138,-2.528794,1.939897,11.102446,1.091192,9.508959,-5.923614,3.654627,-12.522727,0
7.205331,8.452408,-0.277128,1.593487,12.003112,0.6755,7.343895,-3.429461,2.961807,-11.708663,0
6.252703,8.885421,-0.554256,1.939897,12.93842,0.727461,5.923614,-2.355589,2.009179,-11.58742,0
7.932793,10.513548,-1.662769,1.524205,13.336791,0.502295,7.82887,-3.827832,4.486012,-12.574689,0
7.569062,8.400446,-0.450333,1.524205,11.275651,0.727461,7.032126,-3.048409,1.247077,-13.336791,1
6.737678,8.746857,-1.420282,2.563435,11.102446,0.502295,7.014806,-4.08764,1.922576,-10.704074,1
7.136049,8.816139,-1.212436,1.801333,10.877279,1.402961,6.46055,-2.771281,0.190526,-10.634792,1
7.222652,10.167138,-1.939897,2.355589,13.215548,1.801333,5.923614,-2.771281,1.316359,-10.773356,0
9.353074,8.036716,-0.311769,2.355589,7.84619,0.952628,9.006664,-5.854332,-0.017321,-13.925688,1
7.205331,12.26292,-2.771281,1.662769,14.860996,0.935307,6.14878,-2.303628,3.429461,-11.829907,0
7.309254,8.157959,-0.658179,2.078461,9.422356,0.519615,7.759588,-4.330127,1.108513,-10.58283,1
6.183421,8.660254,-0.277128,2.563435,12.245599,0.969948,5.837011,-2.892525,1.212436,-12.314881,0
8.019395,11.431535,-3.152332,2.771281,12.020433,0.917987,7.759588,-5.022947,2.996448,-10.340343,0
9.422356,11.275651,-3.152332,3.464102,10.963882,1.108513,9.21451,-7.15337,3.39482,-11.570099,0
6.13146,9.179869,-1.247077,2.009179,12.643971,0.640859,5.767729,-2.286307,1.576166,-10.738715,1
7.932793,10.444266,-2.494153,3.39482,13.28483,0.952628,6.997485,-4.884383,2.823243,-11.639381,0
8.590972,9.439677,-1.69741,3.671948,10.946561,1.056551,8.331164,-6.47787,2.442192,-11.639381,0
7.188011,11.189048,-2.251666,1.524205,12.297561,1.02191,6.841601,-2.857884,2.268987,-10.58283,0
6.616434,10.478907,-1.974538,1.732051,13.64856,0.969948,5.888973,-2.113102,2.286307,-10.8946,0
8.816139,8.885421,-1.489564,1.732051,10.426946,0.779423,8.452408,-4.676537,1.991858,-12.332202,0
5.923614,9.87269,-2.251666,2.078461,14.462624,0.917987,5.837011,-2.407551,3.689268,-9.370395,0
8.071357,9.664844,-1.212436,1.593487,10.461587,0.519615,8.17528,-4.260845,2.217025,-13.025022,1
9.422356,10.704074,-1.905256,2.355589,8.989344,0.796743,9.422356,-6.252703,1.835974,-14.912957,0
9.491638,10.357664,-2.251666,1.801333,12.26292,2.909845,7.257293,-3.550704,0.762102,-9.89001,0
9.162549,10.496228,-2.528794,1.801333,11.93383,1.195115,8.53901,-4.815101,3.273576,-10.305702,0
7.257293,10.998523,-1.939897,2.147743,12.228279,0.917987,6.754998,-3.39482,1.957217,-12.176317,0
10.444266,10.253741,-1.489564,3.186973,10.392305,1.160474,9.803408,-7.447818,2.927166,-14.99956,0
9.162549,11.448856,-3.152332,1.662769,11.708663,1.108513,8.885421,-5.022947,3.74123,-10.756036,0
6.703037,9.699485,-1.939897,5.12687,13.163586,0.866025,6.235383,-5.871652,2.459512,-10.444266,1
6.529832,9.249151,-1.351,1.662769,12.210958,0.935307,6.010216,-2.165064,1.177795,-10.807997,0
5.958255,11.085125,-2.251666,2.909845,13.215548,0.883346,5.975575,-3.377499,2.684679,-10.825318,0
6.529832,9.023985,-0.935307,2.563435,11.674022,0.415692,6.373947,-3.446781,1.420282,-12.107035,1
5.992896,9.474318,-0.935307,2.771281,12.401484,0.294449,6.010216,-3.290897,1.957217,-12.193638,1
6.945524,10.045895,-1.939897,2.771281,13.163586,1.506884,5.837011,-3.100371,1.36832,-10.115177,0
8.694895,9.370395,-1.143154,3.464102,9.474318,0.571577,8.660254,-6.616434,1.576166,-13.769804,0
5.559883,7.655665,-0.173205,2.078461,10.842638,0.381051,5.733088,-2.320948,0.277128,-11.379574,1
9.5436,10.357664,-2.39023,2.563435,10.825318,1.195115,9.266472,-6.304665,3.238935,-12.540048,0
7.932793,10.496228,-2.494153,3.464102,12.540048,0.935307,7.621024,-5.577204,3.325538,-11.119766,0
6.14878,9.803408,-1.801333,1.454923,13.475355,1.056551,5.78505,-1.732051,2.37291,-9.456997,0
6.391267,9.56092,-1.108513,2.563435,12.505407,0.987269,6.235383,-3.290897,2.06114,-11.362253,0
6.14878,8.383126,-1.108513,3.048409,12.540048,1.125833,5.78505,-3.325538,1.437602,-10.080536,0
8.504369,9.664844,-1.420282,3.39482,12.436125,0.866025,8.019395,-5.888973,3.39482,-13.076984,0
6.114139,9.093267,-1.004589,2.147743,11.414215,0.502295,6.495191,-3.152332,1.818653,-11.25833,1
8.781498,10.998523,-2.251666,3.39482,13.007702,1.091192,7.794229,-5.663806,3.238935,-12.522727,0
6.235383,8.764177,-0.935307,1.662769,12.574689,0.866025,5.837011,-1.991858,1.489564,-10.773356,0
8.383126,9.959292,-1.628128,0.969948,12.418804,0.640859,7.811549,-3.273576,3.135012,-11.396894,1
8.660254,10.617471,-2.494153,2.424871,10.859959,0.831384,8.383126,-5.282755,2.39023,-12.176317,0
7.742267,8.972023,-1.69741,2.424871,10.600151,0.744782,7.898152,-4.815101,2.130422,-10.58283,1
7.742267,8.694895,-1.351,3.39482,11.951151,0.848705,7.447818,-5.334716,2.580756,-10.167138,0
6.321985,9.179869,-0.866025,2.009179,11.674022,0.450333,6.356626,-2.875204,1.593487,-12.037753,0
8.071357,10.288382,-1.351,2.840563,11.483497,0.710141,7.915472,-5.248114,2.71932,-13.613919,0
6.581793,9.838049,-1.558846,1.801333,13.336791,0.831384,5.975575,-2.268987,2.182384,-10.91192,0
9.266472,9.578241,-1.558846,1.939897,11.206369,0.987269,8.712216,-5.12687,2.788602,-13.406073,0
6.80696,10.530869,-1.801333,2.009179,13.215548,1.351,5.819691,-2.320948,1.524205,-10.998523,0
5.767729,9.491638,-1.004589,2.632717,11.760625,0.814064,5.767729,-2.909845,1.056551,-11.656702,1
9.127908,10.998523,-2.320948,3.39482,10.184459,0.969948,8.937382,-6.80696,2.355589,-12.851817,0
8.313844,10.56551,-2.39023,3.048409,11.58742,1.091192,7.967434,-5.507922,2.684679,-11.171728,0
8.556331,9.301113,-1.351,1.870615,10.305702,0.744782,8.52169,-4.884383,2.268987,-13.30215,0
9.89001,10.167138,-2.528794,1.939897,11.102446,1.091192,9.508959,-5.923614,3.654627,-12.522727,0
8.746857,10.548189,-0.969948,4.849742,10.409625,0.779423,8.885421,-8.209921,2.857884,-14.531906,0
10.253741,12.695932,-2.771281,2.979127,10.686753,1.056551,9.699485,-7.136049,3.204294,-15.242047,0
7.066767,10.132497,-1.905256,2.147743,11.518138,0.571577,7.257293,-3.897114,2.442192,-11.60474,0
6.252703,10.323023,-2.320948,3.256256,14.358701,0.969948,5.888973,-3.637307,3.360179,-9.301113,0
8.590972,9.335754,-1.69741,4.711178,10.167138,0.935307,8.573651,-7.759588,2.147743,-12.314881,0
8.937382,8.694895,-0.519615,4.503332,11.171728,1.576166,8.1926,-7.188011,2.095781,-12.522727,0
6.47787,10.340343,-1.281718,2.147743,14.705111,0.917987,6.096819,-2.73664,3.897114,-11.777945,0
10.704074,9.578241,-1.489564,2.147743,10.097856,1.091192,10.340343,-6.945524,3.446781,-15.207406,0
7.049447,9.19719,-0.969948,3.117691,12.851817,0.536936,6.564473,-4.174242,2.407551,-12.436125,0
5.819691,7.82887,-0.519615,2.563435,11.448856,0.502295,5.715768,-2.805922,0.640859,-10.617471,1
6.200742,9.21451,-1.558846,2.147743,12.713253,0.744782,5.940934,-2.598076,1.922576,-10.444266,1
8.660254,11.570099,-3.048409,2.632717,13.561958,1.143154,8.071357,-5.178832,4.468691,-10.58283,0
10.56551,10.080536,-1.939897,2.701999,8.435087,0.744782,10.790677,-7.950113,2.823243,-14.635829,0
6.720357,10.23642,-1.073872,1.732051,11.24101,0.640859,7.066767,-3.290897,2.130422,-12.228279,0
7.759588,9.838049,-2.667358,5.057588,13.440714,2.73664,5.78505,-5.334716,0.727461,-8.642934,0
6.46055,9.907331,-1.628128,2.771281,12.869138,0.727461,5.923614,-3.186973,1.732051,-11.275651,1
7.724947,9.353074,-2.355589,2.771281,12.384163,0.640859,7.638344,-4.901704,3.41214,-10.617471,1
6.668396,9.318433,-1.143154,0.69282,13.63124,1.351,5.888973,-1.073872,2.217025,-8.937382,0
8.469728,10.56551,-2.598076,4.295486,10.929241,0.710141,8.469728,-7.239972,2.823243,-11.362253,0
6.183421,10.426946,-1.662769,2.217025,12.020433,0.554256,6.096819,-2.823243,1.558846,-11.518138,1
5.837011,8.383126,-0.727461,2.286307,12.141676,0.779423,5.819691,-2.615397,1.472243,-10.426946,1
6.252703,9.716805,-1.905256,2.078461,13.336791,0.658179,6.010216,-2.598076,2.632717,-9.734126,1
9.768767,8.937382,-1.108513,1.524205,11.327612,1.143154,9.023985,-5.040268,3.08305,-14.618509,1
8.17528,10.963882,-2.355589,2.355589,13.700522,1.160474,7.395857,-4.243524,3.793191,-11.552779,0
8.123318,10.859959,-2.805922,3.464102,10.080536,0.848705,8.383126,-6.339306,2.199705,-11.24101,0
8.694895,11.639381,-3.568025,4.572614,11.691343,1.004589,8.52169,-7.569062,3.464102,-9.924651,0
7.724947,10.513548,-2.875204,4.018358,12.228279,0.814064,7.707626,-6.200742,3.342858,-10.23642,0
6.200742,8.694895,-0.519615,2.494153,12.93842,0.744782,5.958255,-2.944486,2.130422,-11.171728,0
6.339306,9.751446,-1.766692,2.355589,12.488086,0.796743,6.044857,-2.909845,1.766692,-10.825318,1
8.694895,9.491638,-0.554256,1.870615,14.427983,3.654627,5.733088,-2.095781,0.6755,-11.58742,0
6.772319,9.075946,-0.969948,2.701999,14.098894,0.848705,6.010216,-3.204294,2.823243,-12.228279,0
6.287344,8.417767,-0.588897,1.247077,13.076984,1.108513,5.888973,-1.628128,2.04382,-11.033164,0
7.084088,9.456997,-0.727461,2.217025,11.171728,0.796743,7.118729,-3.827832,1.801333,-12.678612,0
5.611845,8.002075,-0.519615,2.078461,11.899189,0.727461,5.819691,-2.407551,1.454923,-10.513548,1
5.837011,9.162549,-1.004589,2.424871,13.769804,0.744782,5.819691,-2.753961,3.100371,-10.91192,0
6.425908,11.24101,-2.805922,2.355589,13.891047,0.866025,6.044857,-2.909845,3.08305,-9.353074,1
8.677575,10.409625,-2.73664,1.662769,10.8946,1.073872,8.227241,-4.382089,2.147743,-11.292971,0
5.750409,8.53901,-1.004589,1.662769,11.25833,0.32909,6.235383,-2.407551,1.506884,-9.786087,1
7.534421,9.023985,-1.524205,4.988306,12.314881,0.831384,7.395857,-6.876242,3.048409,-11.466176,0
8.209921,8.833459,-1.212436,1.939897,10.686753,0.502295,8.17528,-4.607255,2.303628,-12.834496,1
8.123318,9.993933,-1.939897,1.801333,12.124356,0.779423,7.967434,-4.260845,3.41214,-12.401484,0
7.395857,10.011254,-2.39023,1.732051,12.505407,0.744782,7.118729,-3.342858,2.823243,-10.392305,0
6.373947,11.206369,-1.489564,1.870615,11.500817,0.69282,6.235383,-2.598076,1.073872,-13.180907,1
7.014806,9.179869,-1.073872,1.870615,11.223689,0.987269,6.789639,-3.152332,1.264397,-12.124356,0
7.430498,10.807997,-1.69741,1.593487,11.951151,0.779423,7.257293,-3.342858,2.511474,-12.176317,0
8.885421,9.976613,-1.69741,2.355589,11.881869,0.848705,8.798818,-5.646486,4.070319,-13.458035,0
7.551742,9.387715,-0.831384,1.593487,10.825318,0.987269,7.309254,-3.39482,1.36832,-12.176317,0
7.222652,9.630202,-2.355589,2.909845,12.193638,0.502295,7.551742,-4.953665,3.550704,-9.976613,1
6.200742,9.162549,-1.108513,1.177795,12.228279,0.796743,6.287344,-1.957217,2.078461,-10.686753,0
6.339306,8.17528,-0.554256,1.801333,11.812587,0.969948,6.027537,-2.320948,1.004589,-10.877279,0
9.145228,10.617471,-2.217025,1.801333,10.946561,0.917987,8.989344,-5.265434,3.204294,-12.851817,0
6.651075,8.885421,-1.212436,3.39482,11.639381,0.831384,6.564473,-4.451371,1.593487,-11.067805,0
7.967434,9.751446,-1.974538,2.078461,13.198227,0.866025,7.066767,-3.637307,2.840563,-11.743304,0
5.196152,9.647523,-2.39023,2.147743,13.180907,0.415692,5.750409,-2.407551,3.013768,-7.932793,1
6.166101,9.993933,-2.04382,2.286307,13.752483,0.935307,5.923614,-2.701999,2.909845,-9.699485,0
8.85078,9.006664,-0.450333,2.147743,12.141676,0.796743,8.244562,-4.884383,3.256256,-14.445304,1
7.291934,8.85078,-0.796743,1.801333,12.158997,1.056551,6.754998,-3.048409,1.853294,-10.409625,0
9.924651,9.89001,-2.04382,2.286307,11.154407,1.108513,9.075946,-5.837011,2.805922,-13.336791,0
6.287344,8.487049,-0.866025,2.009179,11.310292,0.519615,6.651075,-3.152332,1.801333,-9.838049,1
7.482459,10.011254,-1.351,2.355589,13.250189,1.125833,6.010216,-2.857884,1.264397,-12.453445,0
6.997485,9.456997,-1.524205,1.662769,11.483497,0.69282,6.980165,-3.152332,1.974538,-10.444266,1
6.13146,8.140639,-0.381051,2.424871,13.63124,0.831384,5.992896,-2.927166,3.013768,-10.790677,1
8.764177,10.011254,-2.078461,1.870615,9.664844,0.658179,9.456997,-5.78505,3.186973,-12.678612,0
6.373947,10.271061,-1.835974,2.217025,12.817176,0.744782,6.010216,-2.73664,1.991858,-10.946561,1
5.871652,9.56092,-0.69282,2.563435,12.055074,0.796743,5.854332,-2.927166,1.420282,-12.245599,1
6.893562,9.907331,-2.182384,2.632717,13.28483,1.472243,5.837011,-2.961807,1.541525,-9.716805,0
8.331164,8.625613,-1.004589,1.870615,9.093267,0.554256,8.729536,-5.092229,1.69741,-12.730573,1
9.526279,9.647523,-1.073872,1.939897,11.310292,1.108513,8.85078,-5.265434,2.909845,-13.527317,0
8.85078,8.365805,-0.969948,2.009179,9.266472,0.69282,8.781498,-5.282755,1.454923,-13.475355,1
7.101408,8.209921,-0.658179,1.939897,9.838049,0.554256,7.517101,-3.949076,1.247077,-12.055074,1
10.617471,10.201779,-1.905256,1.454923,10.23642,1.472243,10.011254,-5.940934,3.06573,-14.098894,0
7.551742,13.336791,-5.715768,2.009179,12.436125,0.727461,7.863511,-4.364768,4.08764,-7.395857,0
7.361216,9.941972,-1.212436,1.03923,10.877279,0.917987,7.343895,-2.875204,1.680089,-12.851817,0
8.764177,9.526279,-1.835974,2.355589,10.807997,1.229756,8.105998,-4.936345,1.680089,-12.661291,0
6.079498,8.227241,-0.450333,2.217025,11.431535,0.952628,5.888973,-2.598076,0.606218,-10.063215,1
9.716805,11.795266,-2.494153,5.12687,11.622061,0.917987,8.816139,-8.417767,2.961807,-14.601188,0
9.162549,11.033164,-2.459512,2.979127,11.864548,0.883346,8.781498,-6.235383,3.689268,-12.95574,0
7.534421,8.1926,-0.796743,2.078461,10.392305,0.467654,7.967434,-4.537973,2.268987,-12.453445,0
6.529832,9.145228,-1.247077,2.217025,14.462624,1.073872,5.871652,-2.580756,3.152332,-10.444266,0
6.599114,13.388753,-4.468691,1.732051,14.531906,0.987269,5.80237,-2.04382,3.06573,-8.85078,0
6.651075,9.491638,-1.835974,2.286307,12.470766,0.536936,6.564473,-3.360179,2.476833,-9.89001,1
6.720357,10.288382,-1.351,1.593487,12.834496,1.36832,6.062178,-2.147743,1.71473,-11.223689,0
8.417767,9.041305,-1.420282,1.939897,9.058626,0.640859,8.625613,-5.057588,1.36832,-11.58742,1
6.270024,10.444266,-1.905256,2.217025,12.643971,0.571577,5.940934,-2.667358,1.784012,-10.288382,1
5.750409,9.041305,-1.558846,2.009179,12.124356,0.6755,5.733088,-2.251666,1.36832,-9.786087,0
10.149818,9.508959,-1.212436,4.572614,9.734126,0.917987,9.924651,-8.972023,2.857884,-14.427983,0
6.408588,10.132497,-0.796743,3.810512,12.453445,0.987269,6.114139,-4.41673,1.749371,-12.349522,0
6.096819,9.491638,-2.251666,2.355589,13.908368,0.6755,5.78505,-2.667358,2.961807,-9.075946,1
6.270024,8.920062,-1.662769,1.524205,12.488086,0.831384,5.940934,-1.974538,1.628128,-10.149818,1
9.664844,10.097856,-1.801333,2.147743,10.738715,0.883346,9.5436,-6.166101,3.585345,-14.220137,0
9.595561,10.305702,-2.251666,2.009179,9.959292,0.779423,9.19719,-5.698447,2.234346,-13.28483,0
7.188011,10.340343,-2.39023,1.939897,13.146266,0.866025,6.668396,-3.100371,2.771281,-10.323023,0
8.920062,10.23642,-1.766692,3.464102,9.786087,0.883346,8.885421,-6.82428,2.06114,-13.076984,0
7.915472,9.335754,-1.835974,3.39482,12.314881,0.554256,7.915472,-5.80237,3.706589,-8.313844,0
9.907331,9.370395,-1.420282,1.870615,9.19719,0.710141,9.803408,-6.166101,2.37291,-14.168176,1
6.651075,10.496228,-1.212436,2.217025,12.62665,0.606218,6.339306,-3.048409,2.130422,-13.007702,0
6.789639,9.387715,-1.281718,1.801333,13.925688,1.004589,6.114139,-2.407551,2.840563,-10.8946,0
6.304665,9.5436,-1.385641,3.464102,13.163586,0.883346,5.906293,-3.879794,2.199705,-7.863511,1
8.383126,10.028574,-0.969948,1.801333,11.60474,0.831384,7.776908,-4.070319,2.251666,-14.150855,0
8.937382,12.661291,-5.161511,1.732051,11.25833,1.108513,8.590972,-4.815101,2.979127,-8.954703,0
7.586383,11.93383,-4.537973,1.316359,12.592009,0.883346,7.343895,-3.152332,3.169653,-8.071357,0
6.218062,8.261882,-0.450333,3.533384,12.834496,0.571577,5.819691,-3.862473,1.784012,-11.067805,1
9.335754,11.24101,-2.39023,2.009179,10.721394,0.952628,9.301113,-5.78505,3.41214,-12.730573,0
5.992896,8.833459,-1.143154,2.078461,12.384163,0.571577,5.80237,-2.407551,1.576166,-10.305702,1
7.603703,9.630202,-1.351,2.147743,11.362253,0.917987,7.17069,-3.810512,1.576166,-12.453445,0
9.993933,11.033164,-1.835974,3.256256,11.396894,1.125833,9.751446,-7.465139,4.278165,-14.895637,0
5.78505,8.816139,-1.662769,2.078461,12.314881,0.727461,6.096819,-2.684679,2.251666,-9.058626,1
10.929241,10.426946,-2.217025,1.732051,9.474318,0.866025,10.461587,-6.651075,2.840563,-14.497265,0
6.720357,10.877279,-1.662769,0,12.089715,1.247077,5.958255,-0.450333,0.762102,-10.756036,0
9.456997,10.2191,-2.771281,1.801333,10.305702,0.917987,9.023985,-5.317396,2.37291,-12.107035,0
5.559883,9.249151,-1.420282,2.217025,13.371432,0.640859,5.888973,-2.598076,3.06573,-9.664844,0
7.066767,10.340343,-1.835974,1.870615,14.497265,0.952628,6.027537,-2.39023,2.961807,-11.448856,0
5.80237,9.5436,-1.212436,2.355589,12.055074,0.571577,5.733088,-2.580756,1.195115,-11.466176,0
9.127908,11.379574,-2.528794,1.801333,11.033164,1.056551,8.798818,-5.074909,2.927166,-12.903779,0
9.751446,9.058626,-1.143154,1.870615,8.816139,0.987269,9.820728,-6.166101,2.130422,-14.65315,0
6.13146,9.803408,-1.489564,1.662769,12.661291,0.727461,5.940934,-2.113102,1.939897,-10.946561,1
10.357664,11.344933,-2.528794,2.840563,10.790677,0.987269,9.803408,-7.101408,3.41214,-14.445304,0
8.435087,10.045895,-2.251666,2.355589,12.557368,0.848705,8.435087,-5.265434,4.41673,-11.639381,0
7.794229,11.189048,-2.632717,1.939897,12.245599,0.848705,7.638344,-4.070319,3.204294,-11.656702,0
6.599114,9.578241,-1.628128,2.424871,13.891047,1.02191,5.78505,-2.701999,2.338269,-10.56551,0
6.027537,9.387715,-1.004589,2.840563,12.93842,0.6755,6.14878,-3.481422,2.684679,-10.409625,0
6.425908,9.249151,-1.143154,1.662769,12.730573,1.004589,5.819691,-1.974538,1.420282,-11.466176,0
6.339306,9.630202,-1.628128,1.03923,12.851817,1.108513,5.923614,-1.454923,1.835974,-10.115177,0
6.547152,9.578241,-1.073872,0.277128,12.695932,1.195115,5.837011,-0.606218,1.299038,-10.842638,0
7.742267,10.530869,-1.801333,2.078461,11.448856,0.969948,7.672985,-4.243524,2.528794,-12.26292,0
8.313844,9.093267,-1.69741,1.870615,10.963882,0.779423,8.019395,-4.382089,2.165064,-11.847228,1
8.504369,8.590972,-1.247077,1.524205,10.392305,0.710141,8.694895,-4.711178,2.753961,-12.332202,0
8.296523,9.353074,-1.351,1.939897,10.184459,0.779423,8.227241,-4.659217,1.818653,-13.163586,0
10.56551,10.790677,-2.424871,3.879794,12.26292,1.247077,10.097856,-8.435087,5.265434,-13.97765,0
9.56092,11.812587,-2.459512,1.801333,8.937382,0.883346,9.595561,-5.871652,1.991858,-14.462624,0
6.772319,12.60933,-3.775871,3.186973,13.683201,0.814064,6.564473,-4.243524,3.516063,-9.959292,0
6.252703,9.318433,-0.381051,2.009179,14.635829,0.727461,6.13146,-2.632717,4.122281,-12.418804,0
6.858921,9.179869,-1.558846,2.355589,12.245599,0.606218,6.80696,-3.654627,2.476833,-10.929241,0
5.473281,7.49978,-0.450333,0.484974,12.765214,0.588897,5.80237,-0.796743,2.424871,-8.989344,0
6.373947,9.803408,-0.866025,1.870615,12.886458,0.796743,5.923614,-2.286307,1.835974,-12.210958,0
7.15337,9.370395,-2.04382,2.701999,11.881869,0.69282,7.15337,-4.364768,2.563435,-10.530869,1
7.759588,9.612882,-1.69741,1.801333,11.881869,0.987269,7.551742,-3.827832,2.650038,-11.275651,0
6.287344,9.422356,-1.247077,5.12687,13.059663,0.710141,5.923614,-5.542563,2.095781,-11.015843,0
5.594524,9.578241,-1.766692,2.840563,12.95574,0.796743,5.80237,-3.152332,2.494153,-9.786087,1
6.47787,9.664844,-0.727461,2.563435,12.470766,1.004589,5.871652,-2.927166,1.212436,-12.020433,0
7.984754,10.011254,-1.558846,3.325538,11.777945,1.056551,7.551742,-5.369358,2.37291,-12.158997,0
6.529832,9.231831,-1.420282,2.286307,12.95574,0.831384,6.079498,-2.875204,2.113102,-10.426946,1
6.564473,10.773356,-1.766692,1.732051,12.228279,0.606218,6.529832,-2.753961,2.199705,-11.067805,0
10.011254,12.401484,-3.08305,1.801333,10.773356,0.969948,9.87269,-6.13146,3.879794,-13.440714,0
8.140639,10.271061,-1.212436,1.524205,12.418804,0.814064,7.534421,-3.550704,2.823243,-13.613919,0
7.395857,9.595561,-1.766692,2.078461,13.094304,1.299038,6.668396,-3.238935,2.511474,-9.335754,0
6.200742,10.686753,-2.182384,4.156922,13.423394,0.917987,6.096819,-4.745819,2.892525,-10.444266,0
10.461587,9.993933,-1.801333,1.524205,8.435087,0.866025,10.132497,-6.13146,1.662769,-14.774393,0
6.14878,9.006664,-0.727461,2.563435,12.366843,0.848705,5.923614,-2.979127,1.541525,-11.847228,0
6.044857,10.496228,-0.727461,1.524205,12.990381,0.917987,5.888973,-1.905256,2.199705,-12.505407,0
6.252703,10.669433,-1.524205,1.732051,12.869138,0.571577,6.010216,-2.251666,2.165064,-11.639381,1
6.356626,10.704074,-2.251666,1.385641,13.925688,0.606218,6.010216,-1.887935,3.06573,-10.115177,0
8.573651,10.409625,-2.078461,1.385641,9.924651,0.866025,8.660254,-4.537973,2.147743,-12.678612,0
10.756036,9.803408,-1.662769,2.771281,8.279203,0.848705,10.929241,-8.157959,2.753961,-14.774393,0
9.249151,9.993933,-1.939897,1.524205,10.859959,0.952628,8.8681,-4.884383,2.823243,-12.851817,0
7.967434,8.798818,-1.628128,2.632717,10.496228,0.866025,8.036716,-5.161511,2.078461,-11.431535,0
6.443229,10.080536,-1.69741,2.701999,13.683201,1.073872,5.923614,-3.117691,2.563435,-10.721394,0
7.603703,10.253741,-2.632717,1.870615,11.414215,0.415692,7.950113,-4.312807,3.186973,-10.461587,0
10.946561,9.491638,-1.628128,2.909845,8.816139,0.987269,10.548189,-7.915472,2.338269,-14.912957,0
10.080536,9.855369,-2.04382,2.771281,9.612882,0.831384,9.630202,-6.858921,2.165064,-13.804445,0
9.075946,10.929241,-2.909845,3.671948,9.716805,0.969948,9.093267,-7.239972,2.251666,-11.223689,0
6.408588,9.353074,-1.801333,2.078461,14.462624,0.744782,6.062178,-2.632717,3.654627,-10.409625,1
9.249151,10.8946,-2.875204,3.74123,10.426946,0.969948,9.093267,-7.309254,2.788602,-11.864548,0
6.027537,8.608293,-1.073872,2.355589,12.851817,0.502295,5.854332,-2.71932,2.06114,-10.704074,1
8.764177,9.803408,-1.835974,1.870615,11.327612,0.6755,8.677575,-5.022947,3.342858,-12.886458,0
5.854332,9.838049,-0.450333,3.048409,12.349522,0.710141,6.027537,-3.568025,2.026499,-12.921099,1
7.551742,10.080536,-1.420282,2.494153,14.168176,1.073872,6.754998,-3.74123,3.602666,-12.055074,0
8.400446,9.907331,-2.182384,2.217025,12.349522,1.143154,7.863511,-4.572614,3.152332,-11.518138,0
6.408588,10.323023,-1.766692,1.524205,13.97765,0.744782,5.923614,-1.939897,2.892525,-11.119766,0
6.235383,9.664844,-1.281718,2.563435,12.921099,0.969948,5.923614,-2.979127,2.009179,-11.25833,0
6.287344,9.249151,-1.073872,2.563435,12.107035,0.969948,5.958255,-3.013768,1.212436,-11.25833,0
8.071357,9.89001,-1.662769,1.662769,12.020433,1.939897,6.789639,-2.944486,1.004589,-11.206369,0
7.17069,9.249151,-0.969948,2.355589,12.141676,0.571577,7.361216,-4.208883,3.169653,-12.470766,0
8.279203,9.716805,-1.766692,2.355589,12.349522,0.814064,8.140639,-4.988306,3.827832,-12.540048,0
7.361216,10.2191,-2.04382,2.078461,12.557368,1.073872,6.980165,-3.550704,2.632717,-10.859959,0
6.062178,10.271061,-1.766692,2.771281,12.592009,0.779423,5.837011,-3.100371,1.680089,-10.859959,0
5.80237,9.335754,-1.801333,2.217025,12.695932,0.814064,5.767729,-2.494153,1.957217,-8.885421,1
6.789639,9.595561,-1.281718,1.801333,11.864548,0.831384,6.235383,-2.546115,1.073872,-10.444266,1
6.772319,8.712216,-0.658179,1.939897,11.743304,0.571577,6.720357,-3.152332,1.887935,-12.765214,0
5.888973,8.746857,-1.073872,2.771281,12.643971,0.554256,6.010216,-3.273576,2.251666,-10.271061,0
10.409625,8.712216,-0.796743,1.801333,8.764177,1.004589,10.323023,-6.599114,2.424871,-15.519175,0
6.14878,10.686753,-1.905256,3.602666,14.514586,0.6755,5.975575,-4.070319,3.793191,-10.738715,0
7.309254,9.751446,-1.420282,1.939897,11.674022,0.866025,7.084088,-3.516063,2.009179,-11.691343,0
6.010216,9.993933,-2.113102,2.286307,12.93842,0.536936,5.80237,-2.598076,2.06114,-9.803408,1
9.370395,8.556331,-0.658179,3.949076,12.210958,4.122281,5.888973,-4.330127,-1.905256,-11.275651,0
8.209921,10.2191,-2.494153,3.39482,12.574689,0.935307,7.811549,-5.698447,3.464102,-11.067805,0
7.378536,8.729536,-0.831384,1.385641,11.760625,0.6755,7.084088,-2.961807,2.026499,-11.829907,0
8.487049,8.972023,-0.866025,1.03923,10.825318,0.606218,8.227241,-3.75855,2.268987,-12.072394,0
6.633755,9.21451,-1.281718,2.286307,12.869138,0.848705,6.13146,-2.927166,2.026499,-10.773356,1
6.46055,10.132497,-1.524205,1.870615,13.579278,1.125833,5.888973,-2.251666,2.37291,-11.085125,0
9.041305,10.842638,-2.217025,1.662769,9.439677,0.866025,9.023985,-5.161511,1.870615,-13.094304,0
5.958255,9.387715,-0.831384,5.12687,13.094304,0.866025,5.78505,-5.403999,2.182384,-10.877279,0
7.17069,9.5436,-1.489564,2.355589,10.738715,0.69282,7.084088,-3.931755,1.212436,-11.93383,1
10.617471,10.115177,-1.108513,1.385641,13.076984,5.369358,5.958255,-1.835974,-2.147743,-11.154407,0
9.630202,9.526279,-1.558846,3.810512,9.664844,1.056551,9.578241,-7.863511,2.615397,-13.821765,0
6.200742,7.655665,-0.277128,2.563435,11.500817,0.606218,5.992896,-3.06573,0.814064,-11.362253,1
9.370395,11.500817,-2.320948,1.177795,13.319471,1.576166,7.967434,-3.619986,3.308217,-12.540048,0
7.655665,9.370395,-1.628128,2.078461,12.747894,0.6755,7.15337,-3.706589,2.823243,-11.985792,0
6.928203,8.556331,-1.766692,1.732051,10.600151,0.69282,7.274613,-3.498743,1.69741,-9.370395,1
7.136049,8.694895,-0.866025,2.355589,12.158997,0.831384,6.80696,-3.654627,2.113102,-10.998523,0
8.1926,9.526279,-0.969948,5.403999,13.180907,0.831384,8.244562,-8.140639,4.953665,-13.111625,0
6.547152,8.469728,-0.69282,2.286307,11.622061,1.02191,6.096819,-2.875204,0.744782,-11.396894,0
9.716805,9.041305,-1.420282,1.108513,9.924651,1.004589,8.989344,-4.589935,1.662769,-13.769804,0
8.140639,10.409625,-2.182384,1.801333,12.26292,1.073872,7.759588,-4.052999,3.117691,-11.829907,0
7.967434,10.548189,-2.217025,1.593487,13.665881,0.6755,6.928203,-3.013768,3.031089,-11.968471,0
6.304665,12.470766,-1.766692,2.217025,12.193638,0.883346,5.940934,-2.667358,1.299038,-13.198227,1
7.984754,10.2191,-1.558846,0.484974,12.037753,0.866025,7.482459,-2.459512,2.494153,-10.981202,0
5.906293,9.716805,-2.39023,2.009179,12.245599,0.571577,6.14878,-2.667358,2.165064,-9.335754,1
6.425908,9.422356,-0.969948,2.494153,13.596599,1.108513,5.888973,-2.875204,2.424871,-11.58742,0
6.82428,10.2191,-1.004589,2.701999,12.314881,0.6755,6.581793,-3.775871,2.130422,-11.206369,1
6.737678,10.080536,-1.801333,1.801333,14.341381,0.744782,6.252703,-2.546115,3.585345,-10.305702,0
6.564473,9.075946,-1.143154,2.286307,12.124356,0.658179,6.46055,-3.256256,2.009179,-11.033164,1
5.80237,11.206369,-2.113102,2.286307,12.418804,0.848705,5.767729,-2.563435,1.680089,-10.652112,0
8.054036,10.842638,-2.39023,3.117691,12.60933,0.952628,7.672985,-5.282755,3.377499,-11.777945,0
8.937382,10.634792,-1.524205,2.286307,9.335754,0.744782,9.023985,-5.80237,1.922576,-14.064253,0
6.80696,10.721394,-1.662769,1.662769,12.470766,0.883346,6.581793,-2.73664,2.303628,-12.037753,1
7.950113,9.231831,-0.727461,2.563435,9.439677,0.727461,8.036716,-5.092229,1.03923,-13.440714,0
6.876242,9.283792,-1.385641,0.415692,11.708663,1.02191,6.252703,-1.160474,0.814064,-9.491638,0
8.642934,11.725984,-3.602666,3.325538,13.30215,0.866025,8.296523,-6.096819,4.676537,-10.91192,0
8.573651,9.838049,-1.558846,1.870615,9.716805,0.588897,8.764177,-5.12687,2.147743,-13.406073,0
5.837011,7.776908,-0.242487,1.524205,12.799855,0.744782,5.819691,-1.853294,2.130422,-11.171728,0
6.096819,12.60933,-1.835974,2.494153,12.869138,0.710141,5.871652,-2.857884,1.991858,-13.319471,0
5.750409,11.085125,-1.489564,2.355589,12.089715,0.710141,5.819691,-2.684679,1.506884,-11.93383,1
5.78505,9.647523,-0.831384,2.078461,11.795266,0.588897,5.819691,-2.407551,1.177795,-9.630202,1
6.010216,9.647523,-1.558846,2.078461,11.275651,0.848705,6.218062,-2.805922,1.229756,-10.807997,0
9.439677,10.496228,-2.251666,2.078461,12.107035,1.056551,9.075946,-5.629165,4.243524,-13.319471,0
7.049447,8.261882,-0.866025,3.39482,11.206369,0.796743,6.945524,-4.832422,1.524205,-11.344933,0
8.816139,10.045895,-2.598076,1.939897,10.704074,1.091192,8.279203,-4.711178,1.922576,-11.189048,0
8.105998,11.396894,-3.498743,2.424871,12.869138,0.952628,7.672985,-4.589935,3.585345,-10.063215,0
7.932793,9.612882,-1.835974,1.662769,12.366843,1.143154,7.361216,-3.516063,2.632717,-10.340343,0
6.841601,9.647523,-1.212436,2.494153,12.782535,1.004589,6.218062,-3.221615,1.905256,-11.223689,1
6.062178,9.907331,-1.247077,3.39482,12.505407,0.727461,5.871652,-3.75855,1.662769,-11.864548,0
10.773356,10.426946,-1.905256,1.454923,10.357664,1.091192,10.045895,-5.975575,3.100371,-13.30215,0
7.291934,12.522727,-2.805922,5.12687,14.618509,1.056551,6.166101,-5.78505,3.135012,-12.210958,0
6.218062,8.660254,-0.554256,4.78046,13.804445,1.143154,5.871652,-5.144191,2.805922,-10.738715,0
6.356626,9.318433,-1.212436,2.701999,12.436125,1.056551,5.923614,-3.117691,1.402961,-10.91192,0
8.798818,12.072394,-3.048409,3.879794,12.193638,0.848705,8.816139,-7.17069,4.451371,-12.314881,0
5.906293,9.768767,-1.489564,2.701999,12.020433,0.710141,5.837011,-3.031089,1.264397,-10.929241,0
6.529832,10.115177,-0.831384,1.385641,12.93842,0.969948,6.114139,-1.991858,2.113102,-12.384163,0
5.837011,10.045895,-1.69741,2.632717,12.297561,0.6755,5.837011,-2.996448,1.71473,-10.704074,1
6.47787,11.795266,-2.182384,2.494153,13.30215,0.866025,6.096819,-3.08305,2.494153,-12.384163,1
7.655665,10.530869,-2.805922,3.39482,12.973061,0.883346,7.534421,-5.421319,3.862473,-9.803408,0
6.962844,10.877279,-1.662769,2.147743,13.544637,0.969948,5.958255,-2.598076,1.974538,-12.540048,0
6.027537,8.781498,-0.796743,2.286307,11.691343,0.415692,6.079498,-2.875204,1.351,-11.414215,1
5.906293,9.768767,-1.489564,2.701999,12.020433,0.710141,5.837011,-3.031089,1.264397,-10.929241,0
6.703037,9.976613,-1.420282,2.286307,12.540048,0.883346,6.062178,-2.840563,1.437602,-11.743304,1
9.630202,9.041305,-1.351,1.939897,9.439677,1.004589,9.595561,-6.010216,2.424871,-14.133535,0
9.664844,10.444266,-2.251666,2.701999,10.617471,1.143154,9.456997,-6.633755,3.290897,-13.180907,0
7.413177,9.855369,-1.801333,2.840563,11.206369,0.6755,7.361216,-4.693858,1.991858,-11.777945,1
7.690306,10.426946,-2.875204,1.316359,12.037753,0.814064,7.413177,-3.221615,2.650038,-9.231831,0
7.257293,8.833459,-1.351,2.771281,12.574689,0.588897,6.651075,-3.931755,2.147743,-11.552779,1
6.391267,9.993933,-1.835974,3.117691,12.453445,0.883346,6.13146,-3.75855,1.853294,-10.444266,1
10.063215,8.625613,-0.588897,3.39482,8.902741,0.917987,9.803408,-7.655665,1.818653,-14.878316,0
7.984754,9.21451,-1.212436,1.108513,11.552779,0.727461,7.447818,-3.048409,1.939897,-12.158997,0
10.253741,9.976613,-1.905256,1.385641,8.642934,0.866025,9.959292,-5.819691,1.732051,-14.341381,0
6.218062,9.145228,-1.766692,1.593487,14.376022,0.866025,5.80237,-1.905256,3.290897,-9.353074,1
7.950113,7.898152,-0.415692,2.217025,8.989344,0.744782,7.742267,-4.468691,0.051962,-12.436125,1
9.387715,9.179869,-1.004589,2.009179,9.508959,0.467654,9.612882,-6.114139,2.823243,-13.492676,1
13.856406,9.318433,-1.108513,2.632717,11.812587,5.958255,8.902741,-5.992896,-0.866025,-11.622061,0
8.573651,9.353074,-1.524205,1.801333,11.639381,1.160474,8.244562,-4.537973,3.031089,-11.552779,0
6.772319,8.52169,-1.143154,2.009179,11.431535,0.554256,6.876242,-3.39482,1.939897,-11.518138,1
5.975575,10.392305,-2.078461,2.563435,12.903779,0.710141,5.854332,-2.927166,2.165064,-10.617471,1
6.391267,9.474318,-0.658179,1.662769,13.423394,0.848705,6.079498,-2.251666,2.71932,-10.877279,1
10.2191,13.094304,-3.74123,2.771281,10.773356,1.02191,9.786087,-7.032126,3.550704,-13.475355,0
7.811549,7.759588,-0.588897,1.177795,9.370395,0.796743,7.776908,-3.446781,0.588897,-10.548189,0
6.062178,8.920062,-0.415692,1.732051,12.28024,0.814064,6.010216,-2.234346,1.71473,-11.847228,0
6.13146,9.682164,-1.628128,1.03923,12.799855,1.056551,5.837011,-1.36832,1.818653,-10.063215,0
5.577204,10.56551,-1.281718,3.39482,11.674022,0.658179,5.819691,-3.706589,1.212436,-11.91651,0
6.010216,8.85078,-0.866025,2.009179,11.91651,0.450333,6.044857,-2.563435,1.524205,-11.344933,1
9.231831,10.340343,-2.04382,0.69282,11.639381,0.866025,9.127908,-4.295486,4.08764,-10.704074,0
7.118729,8.227241,-1.247077,1.801333,11.725984,0.744782,7.066767,-3.377499,2.268987,-9.231831,1
6.339306,9.266472,-1.385641,2.701999,12.817176,0.710141,6.079498,-3.290897,2.165064,-10.738715,1
6.529832,8.296523,-0.796743,1.801333,13.336791,1.125833,5.923614,-2.217025,2.130422,-10.340343,0
6.373947,10.704074,-1.69741,2.009179,12.28024,0.502295,6.287344,-2.788602,1.957217,-11.518138,1
8.504369,10.149818,-2.528794,1.662769,11.552779,0.866025,8.054036,-4.208883,2.632717,-11.292971,0
6.564473,10.201779,-1.420282,3.39482,12.60933,0.883346,5.958255,-3.845153,1.437602,-11.379574,0
9.023985,11.275651,-2.04382,3.186973,11.414215,1.056551,8.608293,-6.270024,3.031089,-13.665881,0
9.647523,9.474318,-1.558846,1.732051,11.327612,1.073872,9.093267,-5.300075,3.290897,-13.371432,0
7.032126,10.756036,-1.974538,2.355589,12.851817,0.796743,6.80696,-3.654627,2.909845,-11.708663,0
6.356626,8.209921,-0.381051,2.424871,13.891047,0.987269,5.888973,-2.805922,2.788602,-11.050484,0
5.854332,9.058626,-1.385641,2.909845,11.899189,0.606218,6.010216,-3.41214,1.541525,-9.976613,1
7.638344,10.496228,-1.835974,2.217025,12.314881,1.073872,7.136049,-3.845153,2.424871,-12.176317,0
6.166101,8.279203,-0.831384,1.247077,13.354112,0.6755,5.888973,-1.628128,2.442192,-10.669433,0
7.136049,9.145228,-1.766692,2.563435,11.292971,0.536936,7.188011,-4.260845,2.06114,-10.877279,1
5.975575,8.227241,-0.796743,2.217025,11.344933,0.433013,5.871652,-2.598076,0.640859,-10.56551,1
6.114139,8.833459,-0.831384,3.256256,13.059663,0.848705,5.871652,-3.619986,2.165064,-11.102446,0
9.526279,11.171728,-3.498743,3.117691,13.354112,3.897114,6.47787,-4.08764,0.259808,-8.140639,0
6.391267,11.691343,-3.08305,2.286307,13.925688,0.814064,5.975575,-2.753961,2.961807,-9.89001,0
7.915472,9.179869,-1.073872,3.74123,12.26292,0.710141,7.690306,-5.923614,3.204294,-11.362253,1
6.287344,8.417767,-0.69282,1.385641,13.717842,1.195115,5.888973,-1.766692,2.684679,-9.803408,0
6.096819,8.608293,-0.450333,1.801333,11.344933,0.69282,6.096819,-2.407551,0.969948,-11.674022,1
7.534421,8.400446,-1.004589,3.39482,10.201779,0.69282,7.672985,-5.559883,1.489564,-11.951151,1
7.84619,8.504369,-1.004589,3.39482,11.777945,1.056551,7.136049,-5.022947,1.680089,-12.505407,0
8.920062,10.357664,-2.39023,3.39482,12.245599,0.952628,8.400446,-6.270024,3.550704,-12.332202,0
9.075946,12.055074,-2.04382,5.12687,10.496228,1.36832,8.625613,-8.227241,2.095781,-13.787124,0
6.356626,9.976613,-2.04382,3.39482,13.596599,0.744782,5.992896,-3.897114,2.753961,-10.340343,1
5.646486,9.439677,-1.004589,2.217025,12.765214,0.415692,5.871652,-2.598076,2.39023,-9.993933,1
5.958255,8.52169,-0.969948,2.632717,11.881869,0.727461,5.78505,-2.909845,0.969948,-10.704074,0
6.599114,10.045895,-1.212436,1.662769,13.094304,0.952628,5.975575,-2.130422,1.922576,-11.881869,0
8.140639,10.842638,-2.459512,1.316359,12.436125,1.004589,7.776908,-3.585345,3.325538,-11.622061,0
6.616434,9.405036,-0.796743,0.34641,12.817176,1.247077,5.923614,-0.762102,1.524205,-10.91192,0
7.032126,9.491638,-1.385641,2.494153,11.344933,0.571577,7.032126,-4.018358,1.853294,-11.968471,1
8.52169,10.132497,-1.558846,1.801333,12.418804,1.143154,8.071357,-4.347448,3.464102,-12.072394,0
6.581793,11.899189,-2.182384,2.217025,13.596599,1.056551,5.958255,-2.667358,2.407551,-12.124356,0
6.685716,9.959292,-1.801333,2.217025,12.488086,0.69282,5.958255,-2.684679,1.247077,-10.132497,1
5.854332,10.288382,-2.113102,2.147743,14.220137,0.710141,5.975575,-2.615397,3.793191,-9.439677,0
7.032126,10.080536,-0.796743,3.39482,11.656702,0.710141,6.80696,-4.693858,1.71473,-13.146266,1
6.114139,9.647523,-0.658179,2.840563,11.795266,0.536936,6.044857,-3.39482,1.299038,-12.072394,1
6.46055,8.764177,-0.935307,1.870615,12.661291,0.727461,5.923614,-2.286307,1.524205,-11.691343,0
9.751446,8.469728,-1.004589,3.671948,9.023985,1.02191,9.716805,-7.863511,2.130422,-13.97765,0
10.063215,9.5436,-1.281718,1.593487,10.340343,1.073872,9.647523,-5.698447,2.944486,-13.700522,0
10.600151,10.184459,-1.662769,1.593487,10.115177,1.091192,10.011254,-6.079498,2.961807,-14.601188,0
6.529832,12.26292,-2.320948,2.355589,13.752483,1.091192,5.871652,-2.71932,2.442192,-12.28024,0
5.681127,8.972023,-1.281718,1.939897,12.158997,0.69282,5.854332,-2.320948,1.766692,-9.682164,1
7.724947,10.340343,-2.39023,1.385641,13.458035,1.229756,7.118729,-2.996448,3.446781,-10.167138,0
6.997485,8.642934,-1.247077,0.969948,11.760625,1.195115,6.581793,-2.04382,1.402961,-9.838049,0
6.200742,8.435087,-0.727461,2.078461,12.141676,0.658179,5.992896,-2.580756,1.454923,-11.24101,1
8.105998,11.033164,-2.805922,3.533384,12.60933,0.935307,7.724947,-5.750409,3.429461,-11.206369,0
7.326575,11.795266,-2.632717,1.316359,13.025022,0.917987,6.80696,-2.615397,2.788602,-11.93383,0
8.52169,10.617471,-1.662769,2.355589,12.817176,1.160474,7.569062,-4.399409,2.857884,-12.93842,0
8.469728,9.612882,-1.558846,5.12687,12.62665,3.429461,5.871652,-5.490601,-0.623538,-10.045895,0
8.642934,11.431535,-2.805922,2.009179,12.384163,0.6755,8.660254,-5.144191,4.486012,-10.963882,0
8.071357,9.491638,-2.04382,2.494153,11.033164,0.571577,7.967434,-4.953665,2.37291,-11.015843,1
6.841601,9.370395,-1.420282,2.147743,14.202817,1.229756,5.958255,-2.598076,2.753961,-11.085125,1
7.309254,9.422356,-1.247077,0.969948,12.072394,1.02191,6.841601,-2.303628,1.922576,-11.379574,0
9.093267,11.25833,-2.251666,2.424871,9.110587,0.744782,9.249151,-6.166101,1.991858,-14.046932,0
5.715768,9.924651,-1.004589,2.286307,11.881869,0.606218,5.854332,-2.650038,1.402961,-11.968471,1
6.651075,10.028574,-2.078461,1.870615,12.384163,1.125833,5.958255,-2.320948,1.125833,-10.184459,0
6.495191,10.721394,-1.662769,3.325538,13.873727,0.969948,6.14878,-3.966396,3.152332,-11.310292,0
9.456997,9.993933,-2.078461,1.939897,11.760625,1.108513,8.608293,-5.022947,2.944486,-12.799855,0
8.1926,10.271061,-1.489564,2.147743,13.440714,1.056551,7.551742,-4.191563,3.827832,-13.319471,0
6.062178,9.266472,-1.939897,2.355589,12.973061,0.554256,6.373947,-3.238935,3.186973,-8.85078,1
8.17528,10.634792,-2.251666,3.533384,12.95574,1.108513,7.690306,-5.715768,3.637307,-11.639381,0
8.054036,10.184459,-2.078461,1.247077,12.643971,0.952628,7.638344,-3.377499,3.342858,-11.639381,0
6.252703,9.786087,-1.281718,1.732051,13.440714,0.710141,5.958255,-2.182384,2.580756,-11.483497,0
5.992896,10.045895,-2.04382,2.078461,12.903779,0.883346,6.010216,-2.580756,2.407551,-9.179869,0
7.413177,8.989344,-1.212436,2.355589,10.998523,0.6755,7.274613,-4.122281,1.610807,-11.864548,0
6.82428,8.625613,-0.796743,4.503332,13.267509,1.558846,5.837011,-4.832422,1.593487,-10.877279,0
6.339306,12.695932,-1.766692,2.494153,12.089715,0.814064,5.992896,-2.996448,1.264397,-13.128945,1
8.279203,9.87269,-2.04382,4.919024,13.319471,3.169653,5.871652,-5.282755,0.259808,-9.231831,0
6.010216,9.647523,-1.766692,1.939897,11.535458,0.658179,6.235383,-2.684679,1.524205,-10.305702,1
7.014806,9.439677,-1.662769,1.801333,12.557368,0.727461,6.841601,-3.135012,2.701999,-10.686753,0
9.855369,10.496228,-2.528794,2.632717,10.773356,1.143154,9.491638,-6.599114,3.325538,-12.869138,0
7.239972,8.885421,-1.073872,2.632717,11.622061,0.658179,6.80696,-3.949076,1.524205,-11.552779,1
8.123318,10.444266,-2.04382,2.355589,11.899189,1.02191,7.82887,-4.659217,2.857884,-11.344933,0
7.776908,9.387715,-1.662769,1.801333,11.60474,0.6755,7.395857,-3.689268,2.095781,-11.223689,1
7.82887,10.409625,-1.905256,2.909845,12.661291,1.299038,7.222652,-4.624576,2.753961,-10.91192,0
7.742267,11.050484,-2.320948,2.217025,12.193638,0.6755,7.17069,-3.879794,2.268987,-11.25833,1
6.668396,9.023985,-1.247077,1.316359,12.540048,0.779423,5.958255,-1.766692,1.264397,-10.115177,0
6.304665,9.283792,-1.108513,1.939897,12.678612,0.796743,6.114139,-2.546115,2.078461,-11.362253,0
8.105998,8.937382,-1.108513,2.771281,9.474318,0.710141,8.244562,-5.507922,1.333679,-12.834496,0
5.663806,8.625613,-1.351,1.662769,12.124356,0.571577,5.733088,-1.887935,1.402961,-8.071357,0
8.157959,10.461587,-2.182384,1.801333,12.245599,1.073872,7.776908,-4.070319,3.117691,-11.847228,0
7.724947,8.261882,-0.588897,2.563435,12.557368,1.02191,7.222652,-4.278165,2.753961,-12.072394,0
7.326575,10.184459,-2.078461,2.701999,12.93842,0.796743,6.945524,-4.139601,2.979127,-10.669433,1
8.140639,9.595561,-1.489564,2.217025,10.617471,0.848705,7.811549,-4.520653,1.576166,-12.141676,0
7.569062,10.998523,-2.771281,2.563435,11.189048,0.987269,7.690306,-4.745819,2.476833,-10.756036,0
8.140639,8.902741,-1.004589,2.286307,9.612882,0.640859,8.244562,-5.022947,1.437602,-12.62665,1
6.304665,9.145228,-1.247077,2.909845,12.107035,1.056551,6.14878,-3.550704,1.576166,-10.686753,0
7.638344,10.357664,-1.420282,1.662769,14.029612,0.952628,7.222652,-3.377499,4.312807,-12.436125,0
7.084088,10.305702,-1.974538,1.662769,15.380611,1.195115,5.871652,-2.026499,3.516063,-10.478907,0
8.833459,8.17528,-0.831384,0.969948,9.682164,0.917987,8.469728,-3.931755,1.264397,-12.107035,0
7.672985,9.318433,-2.320948,2.771281,11.725984,0.796743,7.586383,-4.849742,2.701999,-10.271061,1
6.495191,8.833459,-0.450333,2.424871,9.041305,0.502295,7.205331,-4.122281,0.433013,-12.817176,0
8.123318,9.699485,-0.969948,1.662769,11.275651,0.866025,7.551742,-3.706589,1.732051,-13.63124,0
5.663806,8.400446,-0.727461,2.078461,12.332202,0.883346,5.750409,-2.320948,1.645448,-10.011254,0
6.529832,11.154407,-0.658179,2.632717,12.747894,0.917987,6.010216,-3.135012,1.71473,-14.722432,1
9.526279,10.790677,-1.281718,1.247077,13.735163,1.905256,7.655665,-3.377499,2.944486,-13.406073,0
6.339306,10.444266,-2.217025,2.771281,13.388753,0.606218,5.975575,-3.238935,2.476833,-10.58283,1
7.863511,10.773356,-2.598076,2.909845,12.782535,0.866025,7.551742,-4.953665,3.498743,-11.292971,0
5.837011,7.603703,-0.381051,1.662769,12.574689,0.952628,5.78505,-1.939897,1.784012,-9.56092,0
6.027537,8.608293,-1.073872,2.355589,12.851817,0.502295,5.854332,-2.71932,2.06114,-10.704074,1
9.405036,11.483497,-3.186973,2.078461,10.496228,0.935307,9.127908,-5.681127,2.771281,-12.089715,0
9.162549,10.426946,-1.974538,2.217025,10.045895,0.814064,8.885421,-5.594524,2.130422,-13.440714,0
6.079498,11.292971,-2.73664,2.217025,12.505407,0.952628,5.871652,-2.580756,1.645448,-9.664844,0
6.13146,8.400446,-0.69282,1.870615,11.864548,0.519615,5.923614,-2.303628,1.108513,-10.877279,1
6.599114,8.972023,-1.212436,2.009179,12.314881,0.744782,6.235383,-2.753961,1.71473,-10.842638,1
10.461587,10.357664,-1.281718,1.454923,10.253741,0.779423,9.838049,-5.767729,2.892525,-16.090752,0
9.491638,9.162549,-1.420282,2.286307,10.634792,0.917987,8.937382,-5.698447,2.442192,-13.561958,0
6.391267,8.937382,-0.831384,3.39482,13.613919,1.091192,5.837011,-3.723909,2.37291,-11.691343,0
6.754998,10.409625,-2.598076,1.870615,12.28024,0.588897,6.789639,-3.169653,2.632717,-9.820728,1
8.52169,11.310292,-2.73664,2.147743,11.674022,0.744782,8.487049,-5.10955,3.550704,-12.332202,0
9.578241,9.838049,-1.558846,2.078461,9.838049,0.571577,9.353074,-5.923614,2.442192,-14.237458,1
10.634792,9.89001,-1.905256,2.286307,9.803408,0.969948,10.496228,-7.239972,3.533384,-14.30674,0
8.642934,11.483497,-2.632717,3.464102,12.055074,0.935307,8.487049,-6.425908,3.810512,-12.158997,0
6.512511,10.305702,-0.69282,2.009179,11.777945,0.796743,6.114139,-2.615397,0.969948,-11.483497,0
6.737678,10.184459,-1.905256,1.524205,13.163586,0.952628,6.425908,-2.442192,2.753961,-10.773356,0
9.405036,11.033164,-2.632717,3.325538,12.037753,1.02191,9.023985,-6.82428,4.10496,-10.444266,0
6.356626,9.526279,-1.247077,2.563435,12.834496,0.727461,5.923614,-2.979127,1.801333,-11.777945,0
5.871652,9.110587,-1.073872,2.217025,11.448856,0.952628,5.854332,-2.580756,0.814064,-10.444266,1
9.456997,9.231831,-1.489564,2.355589,10.2191,0.814064,9.353074,-6.183421,2.892525,-13.336791,0
10.963882,9.699485,-1.489564,2.494153,8.625613,0.917987,10.56551,-7.517101,2.165064,-15.605778,0
6.581793,8.885421,-0.796743,1.939897,11.223689,0.848705,6.270024,-2.71932,0.710141,-10.91192,1
8.417767,9.803408,-2.355589,1.801333,11.24101,0.814064,8.365805,-4.659217,3.031089,-10.807997,1
9.87269,9.387715,-1.69741,0.554256,10.392305,0.814064,9.266472,-4.295486,2.476833,-13.025022,0
7.551742,8.764177,-0.935307,0.069282,10.340343,0.952628,7.205331,-1.766692,0.6755,-11.223689,0
8.227241,11.050484,-2.320948,2.840563,11.656702,0.866025,8.036716,-5.369358,2.979127,-12.661291,0
10.288382,10.738715,-2.320948,3.39482,10.825318,0.952628,10.201779,-8.054036,4.312807,-14.046932,0
6.391267,9.941972,-2.113102,1.939897,13.354112,1.004589,5.923614,-2.355589,2.286307,-9.941972,0
9.179869,10.444266,-2.424871,1.801333,9.578241,0.969948,8.989344,-5.265434,1.801333,-12.418804,0
8.920062,10.23642,-1.766692,3.464102,9.786087,0.883346,8.885421,-6.82428,2.06114,-13.076984,0
8.52169,9.093267,-1.351,3.602666,10.669433,0.987269,8.331164,-6.408588,2.234346,-11.93383,0
6.373947,11.985792,-3.048409,1.662769,13.561958,1.056551,5.871652,-2.026499,2.407551,-9.768767,0
9.456997,10.807997,-2.251666,2.078461,13.388753,0.917987,8.279203,-4.849742,3.966396,-13.128945,1
8.17528,10.548189,-2.320948,6.304665,13.076984,0.6755,7.776908,-8.573651,3.931755,-11.743304,1
7.032126,9.976613,-2.078461,1.662769,12.332202,0.727461,6.841601,-2.996448,2.459512,-9.959292,0
10.305702,11.881869,-2.078461,2.701999,10.097856,0.935307,9.768767,-6.928203,2.701999,-16.090752,0
8.52169,9.751446,-1.143154,2.078461,11.812587,1.004589,8.036716,-4.607255,2.840563,-13.371432,1
10.634792,9.976613,-1.939897,1.662769,7.932793,0.935307,10.478907,-6.599114,1.628128,-14.237458,0
8.261882,8.694895,-0.727461,2.286307,11.362253,1.004589,7.742267,-4.503332,2.009179,-13.492676,0
10.825318,9.630202,-2.04382,1.732051,9.075946,0.987269,10.288382,-6.47787,2.199705,-14.168176,0
9.751446,9.058626,-1.143154,1.870615,8.816139,0.987269,9.820728,-6.166101,2.130422,-14.65315,0
8.313844,10.548189,-2.04382,2.632717,12.401484,0.969948,7.759588,-4.884383,3.08305,-12.799855,0
7.655665,11.050484,-1.662769,2.355589,12.418804,0.987269,7.274613,-4.122281,2.788602,-12.95574,1
5.837011,9.578241,-1.69741,2.701999,13.527317,0.814064,5.767729,-2.979127,2.753961,-10.097856,1
8.937382,11.206369,-2.598076,1.662769,11.015843,1.004589,8.694895,-4.849742,2.944486,-11.396894,0
7.84619,9.439677,-1.385641,1.662769,11.674022,1.818653,6.858921,-3.013768,1.02191,-11.483497,0
7.950113,9.647523,-0.866025,2.355589,10.2191,1.125833,7.724947,-4.572614,1.195115,-13.579278,0
9.093267,9.387715,-1.143154,2.355589,9.5436,0.987269,8.677575,-5.507922,1.229756,-14.376022,0
6.512511,9.630202,-0.138564,2.147743,11.622061,0.744782,6.80696,-3.446781,2.199705,-13.076984,1
9.630202,9.041305,-1.351,1.939897,9.439677,1.004589,9.595561,-6.010216,2.424871,-14.133535,0
9.630202,11.24101,-3.464102,3.048409,13.354112,3.966396,6.512511,-4.052999,0.225167,-8.365805,0
8.331164,9.612882,-0.727461,1.732051,11.102446,0.831384,7.707626,-3.931755,1.662769,-14.376022,0
5.958255,11.431535,-1.108513,2.909845,12.834496,0.883346,5.837011,-3.238935,2.026499,-13.128945,0
5.317396,8.781498,-1.351,1.939897,12.834496,0.467654,5.715768,-2.165064,2.476833,-9.439677,1
6.200742,9.21451,-0.450333,2.632717,11.171728,0.658179,6.218062,-3.360179,0.935307,-12.107035,0
10.461587,9.993933,-1.801333,1.524205,8.435087,0.866025,10.132497,-6.13146,1.662769,-14.774393,0
9.682164,9.422356,-2.182384,2.494153,10.548189,0.814064,9.647523,-6.616434,3.585345,-12.158997,0
8.573651,9.508959,-1.558846,2.078461,11.881869,1.125833,8.105998,-4.676537,2.996448,-11.951151,0
7.915472,9.110587,-1.108513,2.701999,12.557368,2.251666,6.425908,-3.619986,0.969948,-10.790677,0
6.581793,9.387715,-1.212436,1.939897,11.93383,0.917987,5.888973,-2.320948,0.606218,-11.466176,0
6.980165,9.283792,-1.835974,2.078461,12.505407,0.814064,6.80696,-3.377499,2.615397,-10.669433,0
7.482459,8.920062,-1.420282,3.39482,12.037753,0.571577,7.17069,-5.057588,2.37291,-11.777945,1
8.036716,7.984754,-0.588897,1.939897,10.600151,0.554256,8.105998,-4.537973,2.251666,-12.851817,1
8.642934,8.53901,-1.143154,2.217025,10.011254,0.710141,8.590972,-5.300075,2.026499,-12.349522,0
5.871652,9.370395,-1.004589,2.147743,11.899189,0.606218,5.767729,-2.424871,1.091192,-11.518138,1
6.321985,9.508959,-0.969948,2.078461,11.691343,0.606218,5.906293,-2.494153,0.710141,-12.176317,0
8.573651,9.87269,-1.524205,2.494153,11.639381,0.831384,8.296523,-5.265434,3.08305,-12.903779,0
5.663806,9.5436,-1.662769,2.147743,12.141676,0.640859,5.940934,-2.598076,1.887935,-9.803408,1
7.291934,9.058626,-1.004589,2.355589,12.176317,1.073872,6.789639,-3.637307,1.939897,-11.708663,1
8.972023,9.041305,-0.381051,2.632717,8.435087,0.6755,9.041305,-6.166101,1.02191,-15.242047,1
6.495191,8.487049,-1.004589,2.632717,10.669433,0.381051,6.910883,-4.052999,1.524205,-11.535458,1
6.339306,11.327612,-1.835974,1.801333,13.527317,0.814064,5.888973,-2.182384,2.442192,-12.176317,0
8.348485,10.374984,-2.182384,3.39482,12.089715,0.917987,8.123318,-5.992896,3.41214,-11.777945,0
6.962844,11.829907,-2.113102,3.256256,13.076984,1.056551,6.339306,-4.08764,2.268987,-11.795266,0
8.729536,10.323023,-2.494153,1.593487,11.691343,1.125833,8.140639,-4.226204,2.71932,-10.8946,0
7.880831,10.91192,-2.528794,3.39482,13.198227,0.917987,7.724947,-5.611845,4.243524,-10.929241,0
6.391267,9.023985,-1.420282,2.494153,12.470766,0.588897,6.46055,-3.464102,2.528794,-9.318433,1
8.729536,10.323023,-2.494153,1.593487,11.691343,1.125833,8.140639,-4.226204,2.71932,-10.8946,0
9.751446,11.691343,-2.182384,2.840563,9.612882,0.779423,9.456997,-6.772319,2.199705,-15.294009,0
7.17069,9.820728,-1.766692,2.494153,13.232868,0.969948,6.166101,-3.152332,1.870615,-11.483497,0
10.253741,9.456997,-0.935307,2.147743,9.058626,1.004589,10.063215,-6.685716,2.355589,-14.947598,0
9.283792,9.664844,-1.420282,1.939897,10.548189,0.969948,8.885421,-5.300075,2.459512,-13.250189,0
6.910883,9.335754,-1.385641,2.701999,14.254778,0.866025,6.235383,-3.429461,3.290897,-11.500817,0
10.132497,9.803408,-1.489564,2.632717,9.301113,1.073872,9.647523,-6.737678,1.835974,-14.67047,0
6.027537,12.782535,-2.805922,1.801333,13.007702,0.658179,5.958255,-2.268987,2.424871,-11.206369,1
6.945524,9.89001,-0.969948,3.186973,11.448856,0.571577,6.789639,-4.486012,1.610807,-12.436125,1
6.062178,9.838049,-1.281718,1.732051,13.007702,0.6755,5.871652,-2.095781,2.165064,-11.777945,1
9.370395,10.080536,-2.459512,2.009179,9.682164,0.69282,9.301113,-5.80237,2.39023,-12.505407,0
5.975575,13.752483,-5.646486,1.108513,15.397932,0.744782,5.888973,-1.489564,4.676537,-6.079498,0
5.975575,8.902741,-1.004589,2.840563,12.453445,0.727461,5.750409,-3.08305,1.454923,-11.362253,0
7.967434,10.323023,-1.662769,0.484974,12.107035,0.883346,7.447818,-2.424871,2.511474,-10.807997,0
6.564473,10.669433,-1.835974,2.286307,14.739752,1.02191,6.200742,-2.979127,4.052999,-10.773356,0
6.14878,9.041305,-1.108513,1.939897,12.107035,0.848705,5.958255,-2.407551,1.402961,-10.686753,1
8.52169,9.803408,-1.905256,1.662769,11.067805,0.606218,8.608293,-4.76314,3.238935,-11.466176,1
7.950113,9.231831,-1.281718,2.009179,11.968471,1.143154,6.893562,-3.39482,1.281718,-12.643971,0
6.010216,10.548189,-1.835974,2.217025,12.973061,0.6755,5.733088,-2.459512,1.957217,-10.825318,0
7.742267,9.093267,-1.420282,2.286307,12.228279,1.160474,6.80696,-3.585345,1.576166,-12.003112,0
7.690306,10.773356,-2.217025,3.39482,12.557368,0.883346,7.638344,-5.525242,3.619986,-11.58742,0
6.044857,9.162549,-1.558846,2.355589,12.037753,0.433013,6.14878,-3.013768,1.818653,-9.335754,1
5.923614,9.006664,-1.524205,2.009179,12.869138,0.727461,5.871652,-2.39023,2.217025,-9.439677,1
7.794229,9.855369,-2.182384,2.217025,13.059663,0.935307,7.395857,-4.10496,3.533384,-10.859959,1
6.270024,9.941972,-1.281718,2.217025,13.094304,0.727461,6.114139,-2.823243,2.528794,-11.760625,0
5.230793,10.201779,-1.662769,2.632717,11.535458,0.6755,5.733088,-2.875204,1.299038,-10.773356,1
7.049447,9.664844,-1.662769,5.12687,12.851817,0.814064,6.789639,-6.408588,2.857884,-10.91192,0
9.387715,9.266472,-0.866025,2.078461,10.530869,1.229756,9.075946,-5.629165,2.71932,-14.687791,0
6.928203,10.115177,-1.835974,2.563435,13.925688,0.814064,6.858921,-3.914435,4.191563,-10.513548,0
10.374984,9.734126,-1.420282,2.424871,9.023985,1.108513,9.786087,-6.668396,1.593487,-14.601188,0
6.287344,10.184459,-1.351,2.217025,11.91651,0.883346,6.166101,-2.875204,1.437602,-11.674022,1
6.997485,8.694895,-0.311769,2.909845,10.721394,0.710141,6.928203,-4.330127,1.056551,-13.354112,1
8.556331,8.712216,-1.247077,4.503332,12.020433,1.645448,7.82887,-6.80696,2.546115,-10.530869,0
5.594524,8.694895,-0.415692,2.771281,11.033164,0.831384,5.819691,-3.08305,0.554256,-11.189048,0
7.343895,9.976613,-1.69741,2.424871,12.95574,1.073872,7.032126,-3.949076,3.152332,-11.639381,0
6.027537,8.833459,-0.658179,2.909845,14.185496,0.917987,5.871652,-3.273576,3.377499,-10.859959,0
10.963882,9.508959,-1.801333,2.840563,9.075946,0.917987,10.478907,-7.776908,2.442192,-14.618509,0
6.166101,9.145228,-0.969948,3.39482,12.349522,0.952628,5.819691,-3.706589,1.299038,-11.58742,0
6.027537,10.807997,-1.143154,3.048409,12.453445,0.848705,5.888973,-3.429461,1.680089,-12.817176,0
6.529832,9.664844,-0.277128,1.662769,12.782535,1.056551,6.010216,-2.165064,1.749371,-13.198227,1
8.660254,10.374984,-2.182384,1.247077,14.566547,1.628128,7.291934,-3.013768,3.914435,-11.154407,0
7.118729,10.773356,-1.212436,1.801333,12.228279,0.606218,6.789639,-3.08305,2.165064,-13.094304,1
6.529832,8.764177,-1.420282,1.870615,10.946561,0.606218,6.80696,-3.169653,1.506884,-10.461587,1
7.205331,8.452408,-0.727461,2.355589,10.91192,0.831384,7.274613,-4.122281,1.732051,-12.436125,0
7.950113,10.461587,-1.351,2.217025,10.426946,0.640859,8.002075,-4.711178,1.957217,-13.128945,1
9.664844,9.751446,-1.628128,2.424871,10.323023,0.952628,9.5436,-6.443229,3.169653,-14.046932,0
9.370395,10.738715,-1.281718,1.247077,13.423394,1.887935,7.569062,-3.290897,2.615397,-13.544637,0
8.331164,11.344933,-3.013768,4.988306,12.401484,3.308217,5.958255,-5.43864,-0.536936,-9.179869,0
7.794229,9.093267,-1.69741,1.801333,10.478907,0.536936,8.054036,-4.347448,2.268987,-11.743304,1
8.53901,10.167138,-1.766692,1.03923,11.431535,0.727461,8.296523,-3.810512,2.909845,-11.344933,0
6.633755,8.677575,-0.450333,2.909845,12.089715,1.02191,6.027537,-3.429461,0.987269,-12.176317,1
10.963882,9.508959,-1.801333,2.840563,9.075946,0.917987,10.478907,-7.776908,2.442192,-14.618509,0
8.279203,10.028574,-1.974538,2.078461,12.765214,0.848705,7.361216,-3.931755,2.684679,-12.62665,0
6.80696,10.58283,-2.078461,2.424871,10.58283,0.588897,7.413177,-4.330127,2.078461,-11.362253,0
6.356626,9.283792,-0.277128,2.355589,10.877279,0.917987,5.871652,-2.71932,-0.259808,-12.730573,0
7.863511,10.842638,-2.182384,2.147743,12.470766,0.796743,7.49978,-4.139601,3.08305,-11.985792,0
6.14878,10.253741,-1.489564,1.662769,12.488086,0.502295,5.992896,-2.165064,1.853294,-10.929241,1
8.833459,9.405036,-1.281718,2.632717,9.768767,1.160474,8.383126,-5.490601,1.125833,-13.30215,0
7.82887,9.231831,-1.558846,1.870615,13.180907,1.576166,6.789639,-3.152332,2.407551,-11.639381,0
13.406073,9.993933,-2.528794,3.117691,6.82428,2.37291,11.795266,-9.387715,0.433013,-14.757073,1
8.608293,10.115177,-2.04382,2.078461,11.223689,1.385641,8.348485,-4.901704,2.73664,-11.91651,0
7.759588,9.335754,-1.558846,2.217025,12.158997,0.588897,7.257293,-3.966396,2.39023,-12.055074,0
5.888973,8.902741,-0.588897,1.870615,11.743304,0.467654,5.958255,-2.338269,1.299038,-11.535458,1
6.304665,9.87269,-1.212436,2.217025,10.721394,0.814064,6.529832,-3.238935,0.952628,-11.881869,0
8.902741,10.478907,-1.628128,2.355589,11.899189,1.108513,8.296523,-5.12687,3.013768,-12.851817,0
6.062178,8.1926,-0.588897,2.286307,12.210958,0.554256,5.819691,-2.615397,1.316359,-10.478907,1
7.326575,9.21451,-1.108513,1.524205,12.522727,0.935307,6.945524,-2.961807,2.563435,-11.552779,0
8.417767,9.993933,-1.489564,2.355589,10.617471,0.952628,7.967434,-4.815101,1.610807,-12.921099,0
10.513548,9.630202,-1.69741,2.494153,8.764177,0.779423,10.305702,-7.257293,2.234346,-14.687791,0
10.045895,10.097856,-1.628128,2.355589,10.634792,1.333679,9.508959,-6.339306,3.031089,-14.116214,0
8.694895,10.323023,-2.355589,4.295486,10.981202,0.883346,8.469728,-7.239972,2.650038,-12.089715,0
5.663806,8.400446,-0.727461,2.078461,12.332202,0.883346,5.750409,-2.320948,1.645448,-10.011254,0
6.321985,9.179869,-1.281718,2.286307,14.029612,0.987269,5.975575,-2.753961,3.135012,-10.842638,0
6.616434,10.409625,-1.351,2.147743,12.990381,0.866025,6.114139,-2.753961,2.078461,-12.020433,0
7.378536,9.023985,-1.628128,2.771281,12.349522,0.779423,7.257293,-4.520653,2.961807,-10.426946,1
11.154407,10.374984,-2.39023,1.870615,9.5436,0.952628,10.58283,-6.910883,2.927166,-14.358701,0
7.430498,9.318433,-1.69741,2.078461,10.409625,0.519615,7.811549,-4.382089,2.078461,-11.275651,1
6.581793,10.132497,-1.073872,1.939897,12.488086,0.6755,6.252703,-2.684679,1.887935,-12.730573,0
6.200742,9.786087,-1.351,2.009179,12.228279,0.917987,5.819691,-2.338269,1.195115,-11.310292,1
8.071357,8.417767,-0.866025,1.870615,9.941972,0.727461,8.17528,-4.537973,1.69741,-12.921099,0
7.898152,10.115177,-1.281718,1.662769,11.829907,0.744782,7.49978,-3.654627,2.407551,-13.267509,0
7.690306,10.91192,-2.73664,2.840563,12.869138,0.917987,7.447818,-4.78046,3.550704,-10.652112,0
7.950113,10.548189,-2.494153,2.632717,13.025022,0.883346,7.690306,-4.815101,3.931755,-11.24101,0
7.413177,10.305702,-2.909845,2.078461,13.683201,0.727461,7.482459,-4.052999,4.711178,-9.89001,0
8.556331,10.184459,-1.281718,1.732051,12.245599,0.796743,8.244562,-4.451371,3.602666,-13.267509,0
7.188011,9.075946,-1.247077,3.39482,12.332202,0.952628,6.754998,-4.641896,2.130422,-12.210958,0
9.353074,10.548189,-2.459512,3.117691,9.5436,0.744782,9.474318,-7.049447,2.511474,-13.025022,0
6.027537,9.855369,-1.628128,2.909845,12.765214,0.814064,5.923614,-3.325538,2.06114,-10.704074,1
6.772319,12.886458,-3.221615,2.563435,13.128945,0.952628,6.200742,-3.256256,2.234346,-11.102446,1
6.166101,10.253741,-2.078461,1.524205,13.561958,0.848705,5.923614,-1.939897,2.71932,-10.409625,0
6.46055,10.011254,-1.801333,2.563435,11.535458,0.381051,6.82428,-3.897114,2.251666,-10.496228,1
6.235383,9.526279,-0.796743,2.217025,12.245599,0.987269,5.923614,-2.632717,1.333679,-12.245599,0
6.287344,10.686753,-1.905256,3.671948,14.497265,0.796743,5.975575,-4.139601,3.637307,-10.756036,0
8.504369,10.617471,-2.320948,2.979127,11.414215,1.645448,7.984754,-5.43864,2.303628,-11.396894,0
6.304665,9.093267,-1.420282,2.217025,11.050484,0.311769,6.893562,-3.602666,2.009179,-11.137087,0
10.080536,9.820728,-1.420282,1.662769,9.21451,0.883346,9.976613,-6.114139,2.511474,-14.341381,0
8.019395,9.959292,-1.628128,3.602666,12.62665,0.969948,7.690306,-5.78505,3.464102,-12.141676,0
9.387715,8.53901,-0.796743,1.385641,9.647523,1.69741,8.400446,-4.260845,0.484974,-11.396894,0
9.578241,8.712216,-0.588897,1.454923,9.353074,1.939897,8.487049,-4.41673,0.173205,-13.007702,0
9.508959,9.87269,-2.078461,1.870615,9.786087,1.125833,9.370395,-5.715768,2.442192,-13.042343,0
8.17528,10.56551,-2.39023,3.117691,12.62665,0.987269,7.811549,-5.421319,3.550704,-11.483497,0
6.339306,8.677575,-1.420282,2.009179,11.275651,0.588897,6.633755,-3.152332,1.732051,-9.266472,1
6.062178,9.89001,-1.385641,2.494153,12.055074,0.69282,6.027537,-3.013768,1.524205,-11.431535,0
7.136049,9.595561,-0.935307,1.801333,14.618509,1.073872,6.062178,-2.355589,3.08305,-11.344933,0
9.145228,10.58283,-2.113102,2.147743,10.080536,1.056551,8.902741,-5.525242,2.165064,-13.440714,0
7.776908,10.063215,-2.113102,1.939897,12.228279,0.710141,7.413177,-3.845153,2.753961,-11.431535,0
6.027537,10.963882,-1.69741,2.424871,12.418804,0.727461,5.906293,-2.840563,1.732051,-11.812587,1
10.617471,8.729536,-1.073872,2.009179,8.85078,1.073872,10.2191,-6.685716,2.04382,-14.462624,0
7.136049,9.907331,-1.247077,2.147743,14.757073,1.073872,6.252703,-2.892525,3.602666,-11.310292,0
6.564473,11.60474,-3.013768,1.662769,14.549227,0.658179,5.871652,-2.04382,3.256256,-10.374984,1
8.590972,11.154407,-2.632717,3.39482,10.271061,0.69282,8.677575,-6.547152,2.459512,-12.210958,0
6.980165,9.491638,-1.108513,2.355589,12.28024,0.935307,6.616434,-3.464102,2.009179,-12.037753,0
6.443229,9.387715,-1.558846,2.078461,13.769804,1.264397,5.888973,-2.459512,2.580756,-10.56551,1
6.200742,8.729536,-0.554256,2.286307,10.929241,1.056551,6.200742,-2.979127,0.606218,-11.379574,0
5.906293,10.028574,-1.801333,3.39482,12.782535,0.814064,5.923614,-3.810512,2.199705,-10.513548,0
6.14878,10.842638,-1.073872,2.147743,14.133535,0.952628,5.750409,-2.39023,2.961807,-11.674022,0
8.227241,9.526279,-0.69282,2.009179,11.881869,2.684679,6.166101,-2.667358,-0.536936,-11.570099,0
5.975575,10.149818,-1.974538,3.39482,13.700522,0.831384,5.837011,-3.723909,2.875204,-10.686753,0
8.694895,11.570099,-3.048409,4.226204,11.189048,0.814064,8.798818,-7.49978,3.516063,-11.58742,0
6.252703,8.729536,-1.524205,1.939897,12.176317,0.917987,6.010216,-2.459512,1.472243,-9.734126,1
7.430498,9.179869,-1.351,1.593487,11.310292,0.658179,7.447818,-3.533384,2.251666,-11.085125,0
6.772319,10.063215,-2.251666,2.286307,12.28024,0.744782,6.651075,-3.446781,2.338269,-10.530869,1
6.13146,7.967434,-0.519615,0.34641,11.137087,0.744782,5.733088,-0.571577,-0.051962,-10.704074,0
7.811549,10.149818,-2.320948,0.969948,12.60933,0.883346,7.465139,-2.927166,3.204294,-10.825318,0
