Source_0,Source_1,Source_2,Source_3,Source_4,Source_5,Source_6,Source_7,Source_8,Good
0.015995,-0.042032,-0.021375,-0.016062,0.017192,0.038619,0.016801,0.001704,-0.039452,0
0.060424,-0.048241,0.001301,0.041349,-0.002587,-0.020267,-0.036278,-0.019541,-0.107392,0
-0.028823,-0.018026,-0.038811,0.019829,-0.029769,-0.0173,-0.021267,0.026197,0.00792,0
-0.017523,0.010189,0.016693,0.058016,-0.000588,0.042964,0.008019,0.013579,0.000075,0
-0.019833,0.037188,0.04281,-0.027553,0.007386,-0.011389,-0.01757,0.005557,-0.012914,0
-0.007565,0.009393,-0.021872,-0.016797,0.024423,0.000078,0.03669,-0.012379,0.037156,1
-0.041295,0.021456,-0.006085,-0.007058,-0.015656,-0.036844,0.028654,-0.010004,-0.010477,1
-0.028499,0.013226,0.008196,-0.002254,-0.003948,-0.002687,0.030426,-0.010842,0.015056,0
0.005209,0.00554,-0.025485,-0.004798,-0.024351,0.014089,0.02055,0.001499,-0.02461,0
0.008808,-0.003042,0.044766,-0.014496,0.020843,-0.033572,0.036682,-0.060468,0.042875,1
0.033341,0.009564,-0.005253,-0.039841,-0.057558,-0.013278,-0.033015,-0.038219,0.011172,0
0.022929,0.04533,-0.031145,0.02287,-0.011206,0.057526,0.087737,-0.049468,-0.026148,1
0.031771,-0.000606,-0.007468,0.022914,0.06407,-0.000111,-0.040036,0.037769,-0.029972,0
0.047624,-0.033609,0.028546,-0.006407,0.074123,0.016542,0.01449,-0.011257,0.012995,0
0.037579,-0.04862,-0.006215,0.017491,0.013577,0.011937,-0.033007,-0.027751,-0.052222,0
0.075706,0.039742,-0.022019,0.020559,0.010095,-0.028322,0.027153,-0.010988,-0.052431,0
-0.045748,-0.017921,-0.044523,-0.008504,0.039036,0.000106,0.016718,0.052667,-0.006121,0
0.063894,0.056968,0.012044,0.038009,0.057246,0.030201,-0.042089,0.046448,-0.026073,0
-0.066134,-0.047847,-0.018065,-0.035778,-0.020543,0.080592,-0.007705,-0.058242,-0.050843,0
0.009079,0.019317,-0.000248,-0.015957,0.030154,0.013348,-0.045257,0.028739,-0.006024,0
-0.025407,0.029322,-0.003913,-0.013416,-0.009225,-0.020123,-0.005038,-0.006197,-0.040493,0
-0.037426,0.035291,-0.007558,-0.013739,-0.037633,-0.013255,0.015532,-0.022764,-0.017601,1
-0.037189,0.030683,-0.001665,-0.062118,-0.004192,-0.016575,0.057854,-0.009161,0.03312,1
-0.030463,0.000086,0.03632,-0.010195,0.006171,-0.019858,0.042649,-0.016729,0.011564,1
0.012186,-0.03372,-0.007195,-0.032373,-0.008649,-0.025065,0.000688,-0.019403,0.016681,0
0.023303,-0.024788,-0.015697,0.008017,0.067225,0.009579,0.093453,0.035406,-0.077744,0
-0.005481,-0.017748,0.013208,-0.036435,-0.005213,-0.005455,0.004582,0.014607,-0.071791,0
-0.008875,0.015131,-0.012566,-0.01844,-0.007435,-0.002265,-0.001577,0.016298,-0.010736,0
-0.03762,-0.007445,0.024575,0.011067,0.016759,-0.037879,0.042815,0.015653,0.029089,0
0.005505,-0.020607,0.021482,-0.043406,0.038563,0.001442,-0.061742,-0.020643,-0.066411,0
0.005033,-0.027556,0.002708,0.033198,0.020946,-0.008566,-0.055798,0.01601,-0.049004,0
0.000179,-0.008315,-0.014155,0.000282,0.021396,0.023803,0.034728,0.032412,-0.074651,0
0.056083,0.033518,0.050227,0.008958,0.034439,-0.033301,-0.006617,-0.038845,-0.028688,0
-0.007163,-0.025826,0.001354,0.010485,-0.047821,0.010054,-0.024958,-0.040918,0.00503,0
0.020513,-0.007679,0.005749,0.03116,0.016351,-0.024455,-0.008655,-0.029149,0.039733,1
-0.001652,0.000159,-0.012657,-0.003571,0.026786,0.022226,-0.015188,0.007658,0.036059,0
-0.018236,-0.029232,-0.004743,0.017538,0.0394,-0.009522,0.023462,0.015365,0.01288,0
0.029062,-0.012281,-0.00668,0.0151,0.02062,-0.006221,0.017382,0.005512,0.037923,1
0.037313,-0.017325,0.00761,0.037159,0.047065,0.002467,-0.033098,0.042407,-0.022951,0
0.002093,-0.027552,-0.042895,0.041069,-0.040235,-0.007234,-0.007495,0.016777,0.024424,0
-0.041554,0.045037,0.001467,-0.019453,-0.030252,-0.064996,0.007326,-0.033288,-0.024906,1
-0.052447,0.005822,0.008376,-0.03244,0.013413,0.009647,0.084885,0.005428,0.031907,1
-0.033773,0.026793,0.007632,0.021839,0.002738,-0.01766,-0.024837,-0.017749,-0.017597,0
0.009248,-0.03428,-0.019762,0.038592,-0.026643,0.031615,0.03486,-0.02562,-0.011398,0
-0.005823,-0.012752,0.007497,0.034982,-0.01656,0.078707,-0.005457,-0.023077,0.013001,0
0.036623,0.000472,-0.065792,-0.022434,-0.00967,-0.011294,0.047046,-0.024071,0.045015,1
0.006582,-0.004119,0.040608,0.020259,0.051617,0.039049,-0.019164,-0.024099,0.060809,1
-0.014375,0.002834,-0.0162,-0.009038,0.015189,0.004811,-0.005227,-0.006527,-0.000926,0
0.002838,0.043526,0.000832,0.087957,0.003561,0.048077,0.052703,-0.00993,-0.047742,0
-0.017287,-0.017617,0.027242,-0.03204,0.021183,-0.024162,-0.019809,0.033056,-0.038328,0
-0.017323,0.039102,-0.013419,-0.019203,-0.015711,0.00642,0.002754,-0.025519,0.01989,1
-0.010956,-0.022225,0.027619,-0.039433,0.063377,0.005089,0.045385,0.020355,0.00006,0
0.054422,0.03576,0.079459,-0.017756,-0.003381,-0.095427,0.020586,-0.064871,-0.017054,1
-0.023068,-0.018565,-0.011029,-0.023153,-0.003852,-0.011314,-0.024192,0.008705,0.016013,0
-0.029703,-0.019528,-0.014161,-0.02179,-0.025939,0.007911,0.034399,-0.002194,0.017835,1
-0.010928,0.053954,0.006272,0.006995,0.026977,0.016139,0.036245,0.007347,0.025661,1
-0.001401,-0.012087,-0.009557,-0.031961,0.032581,0.026479,-0.026164,0.015057,-0.022268,0
-0.011316,0.008103,-0.017386,0.021522,-0.001325,-0.004896,0.00369,-0.00077,-0.010207,0
0.00327,-0.018757,0.025654,0.002773,0.007342,0.003405,-0.06963,0.003468,-0.056842,0
-0.012392,-0.007311,0.007975,-0.033909,-0.016512,0.024493,0.001287,-0.017157,-0.019384,0
0.021575,-0.014516,-0.025888,-0.028122,0.008065,0.000233,-0.020396,-0.008202,-0.106966,0
0.043612,0.043644,-0.098684,0.057948,-0.029982,-0.03881,-0.030626,0.038937,0.049577,0
-0.003623,-0.046859,0.00344,0.049064,0.000442,-0.024929,0.008012,0.002755,0.034377,0
-0.014927,0.038759,-0.000052,0.062355,0.01595,0.04991,-0.014431,0.015709,0.015225,1
0.02899,0.022931,-0.030169,0.006647,-0.011156,-0.036197,-0.019942,-0.020412,0.020409,1
-0.008944,-0.038586,-0.038921,0.000056,-0.047903,-0.025191,-0.019641,0.003894,0.014564,0
-0.01863,-0.002331,-0.058826,-0.031322,0.054392,0.019507,0.034266,0.06443,-0.000681,1
-0.018698,0.009042,0.000158,0.013893,-0.01175,-0.033322,-0.018012,0.017021,0.00353,0
-0.026321,0.029786,0.009738,-0.031722,0.061053,-0.006972,-0.000042,0.033832,0.001526,0
-0.024186,-0.002406,0.023146,0.025798,0.011545,-0.015186,0.01203,0.017575,-0.005976,0
0.009756,-0.000058,-0.04654,0.014957,-0.048716,-0.039849,-0.024678,0.027569,0.022905,0
0.027197,-0.018364,0.003149,-0.015935,0.03045,0.012603,-0.046583,0.083498,-0.020229,0
0.012803,0.014033,0.023641,0.002463,-0.008415,0.010055,0.068862,-0.048166,0.001157,0
-0.014879,-0.010372,-0.031812,-0.066965,0.052573,0.026951,0.017126,0.0205,0.001873,1
0.033078,-0.017116,-0.035449,0.019367,-0.005662,-0.007474,-0.021294,0.00534,-0.009812,0
0.067518,0.044633,-0.011188,0.03989,0.020424,-0.022109,0.048284,-0.008664,-0.071879,0
0.023887,-0.02433,-0.026203,0.00142,0.012745,-0.033734,0.013878,0.000598,0.031064,1
0.02114,-0.018946,-0.00576,-0.027943,0.033672,0.030654,0.01437,0.016541,-0.034387,0
-0.039317,0.0156,-0.014006,-0.014637,0.016247,-0.013678,0.028088,0.021032,0.022607,1
-0.088641,0.003501,0.000637,-0.026518,-0.048951,0.010761,-0.001375,-0.016404,-0.030463,0
0.034845,0.012661,-0.110709,-0.040346,-0.02236,0.015023,0.012041,-0.017137,0.060803,1
-0.018181,-0.031526,0.002734,0.006382,0.006911,0.014097,0.010059,-0.008842,0.002887,0
0.011951,-0.059712,0.063945,-0.04468,-0.04641,0.018811,0.09835,0.098574,0.052844,1
-0.017155,0.012324,-0.039717,-0.005718,-0.030736,0.00377,-0.029679,0.016829,0.000394,0
0.034754,-0.032184,-0.066088,-0.04048,-0.023135,-0.026023,-0.036933,-0.018194,0.058522,0
-0.021092,0.028322,-0.005205,0.009553,-0.001088,0.020232,0.042081,-0.022466,0.001004,1
-0.038749,-0.03751,0.031829,-0.013852,-0.040669,0.00005,-0.006245,0.070802,0.010823,0
-0.048344,0.024822,0.006131,0.010602,0.007838,-0.018347,0.018044,0.02808,0.024282,1
0.03482,0.035203,0.070829,0.014436,-0.084577,0.024299,0.044059,0.084018,-0.019439,0
0.006728,0.01301,0.00086,0.020936,0.015527,0.030196,0.037828,0.007729,-0.013838,0
0.035856,-0.010814,-0.018433,0.006516,-0.007451,-0.046509,0.004992,0.000665,0.033454,1
-0.029657,0.014616,0.019527,0.012344,0.01373,0.007799,0.022868,0.021313,0.046824,0
0.054803,0.0027,-0.014758,-0.025864,0.029569,-0.005698,0.02319,-0.007577,-0.0411,0
0.00327,-0.018757,0.025654,0.002773,0.007342,0.003405,-0.06963,0.003468,-0.056842,0
0.047224,0.015828,0.013655,-0.029362,0.005648,-0.022882,0.008456,-0.015382,-0.05541,0
-0.02271,0.017463,-0.0337,0.030614,-0.03256,0.011962,-0.04346,0.001664,0.00752,0
0.016201,-0.036954,-0.010999,-0.021753,0.032104,0.014889,0.002287,0.006784,-0.021429,0
-0.034868,-0.008946,-0.01813,-0.028631,0.015476,0.010611,-0.034631,0.003404,0.016708,0
0.035667,-0.058476,-0.007823,-0.045459,0.058694,0.00224,-0.006274,0.009255,0.025445,0
0.056919,-0.027901,0.088547,-0.039237,0.017377,-0.026173,0.056135,-0.10013,0.06511,1
-0.0215,-0.023748,0.002278,0.014692,-0.02505,0.007738,-0.026631,-0.021076,0.011886,0
-0.007879,-0.002771,0.016935,0.044796,0.02195,-0.007705,-0.011412,0.005004,0.03555,1
0.008087,0.000033,-0.023411,0.02024,-0.033235,0.040459,-0.007812,-0.015537,-0.071636,0
-0.008369,-0.029392,0.013929,0.049614,-0.005979,-0.062007,0.011437,0.011897,0.014621,0
-0.001998,-0.019531,-0.058948,-0.022833,-0.000664,-0.00571,0.027357,0.00212,0.057334,1
0.002818,-0.068406,-0.022842,0.015028,0.063302,-0.020549,-0.035959,0.044484,-0.021357,0
-0.001027,-0.051796,0.009961,-0.041793,-0.017715,0.011304,-0.033937,-0.054121,0.034269,0
-0.037112,0.038786,-0.015797,-0.056787,-0.000364,-0.015601,0.062747,0.011577,0.033347,1
0.001159,0.051069,-0.03608,-0.062958,-0.03515,-0.090614,-0.043388,-0.008498,0.051752,1
0.042156,-0.01011,0.027221,-0.012838,0.009101,0.014586,0.045563,-0.054591,-0.008903,0
0.059454,-0.048391,0.012561,0.037265,0.015592,0.024785,0.009845,-0.014197,0.01653,0
-0.01909,0.017088,-0.029085,-0.017662,0.035724,0.001435,-0.002921,0.026439,0.003373,0
0.025726,-0.003429,0.019022,0.020678,-0.016415,-0.009872,0.027178,-0.010672,-0.000508,0
-0.008844,0.046532,0.025607,-0.006166,0.049248,0.044476,-0.010541,0.023124,0.018884,0
0.027197,-0.018364,0.003149,-0.015935,0.03045,0.012603,-0.046583,0.083498,-0.020229,0
0.000444,-0.007502,-0.021335,0.026446,-0.04661,0.0335,-0.02422,-0.023377,0.010648,0
-0.000106,-0.02489,0.008137,0.043721,0.008714,0.016906,-0.008926,-0.000928,-0.03112,0
-0.006531,-0.010022,0.03739,0.002546,0.005873,-0.013678,0.004847,-0.007463,0.005677,0
-0.018921,-0.032802,0.043561,-0.01156,0.027384,-0.051906,0.02523,0.005156,-0.001865,0
-0.01439,0.032015,-0.029222,0.001639,-0.010105,-0.02219,0.008555,0.012623,-0.03793,1
0.007622,0.031645,0.007657,-0.032255,-0.018526,0.025326,0.010239,-0.042184,-0.044389,0
-0.00152,0.012122,0.04561,0.005126,-0.029305,-0.029111,-0.029621,-0.012582,0.011501,0
0.038894,0.033756,0.002415,0.044973,-0.004555,-0.046978,0.028264,-0.019769,-0.087648,0
0.012747,-0.026133,-0.068947,-0.038959,-0.076315,-0.018672,-0.043491,-0.019519,0.016384,0
-0.010551,0.000159,0.012439,-0.025874,0.004755,0.000145,0.018919,0.004802,-0.020626,0
-0.028568,0.017457,0.018898,0.044544,-0.014743,-0.020062,-0.013982,0.00664,-0.01059,0
-0.033932,0.028241,0.018296,0.047897,0.009753,-0.02576,-0.006602,0.014639,-0.014301,0
0.000909,0.002992,-0.022877,-0.001675,-0.021014,0.018591,0.018006,0.009575,-0.018344,0
-0.002084,0.042127,-0.028735,-0.041733,0.009847,0.010819,0.031844,-0.017161,0.013142,1
-0.037879,-0.010908,0.031968,0.025604,-0.002191,-0.032389,-0.006593,-0.006049,-0.011679,0
-0.031515,0.013742,-0.014111,-0.026688,0.015756,-0.027805,-0.009353,0.03825,-0.007175,0
0.008052,0.013997,0.01703,-0.030566,-0.011151,0.018133,0.001669,-0.050433,-0.024065,0
0.031474,-0.008419,0.013663,-0.046835,0.024608,-0.011325,0.03808,-0.0178,-0.000958,0
-0.001666,0.052967,0.045407,-0.042153,0.030338,0.044143,-0.0227,0.001346,0.01017,0
-0.035459,-0.065247,0.032772,-0.00662,0.006514,0.003854,0.068594,-0.060317,0.006938,1
-0.018369,-0.042311,0.015631,-0.021846,-0.027408,0.052076,-0.028141,-0.048542,0.013175,0
0.044466,0.015256,-0.036732,0.026801,0.009579,0.035087,-0.016803,0.016634,-0.006757,0
-0.008004,0.036574,0.036781,-0.045641,0.034023,0.002918,-0.011025,0.008005,0.00226,0
-0.015569,0.004962,-0.014577,0.013517,-0.010541,-0.009123,-0.004097,-0.01536,-0.0165,1
0.028704,-0.003925,-0.025252,0.035217,0.024977,0.003378,0.007464,0.005492,0.047278,1
-0.024469,0.015216,0.010131,-0.014253,-0.000797,0.015717,0.012061,-0.045674,0.022202,1
-0.00981,-0.006894,0.019409,0.037085,-0.010088,-0.030231,-0.013962,-0.004635,0.016484,0
-0.013244,0.045781,-0.000417,-0.022265,-0.009068,-0.011751,0.052694,-0.017974,-0.023757,1
-0.052539,-0.099813,0.017824,0.028178,-0.015458,0.003536,0.010717,-0.024147,0.001339,0
0.015343,-0.006302,0.012334,-0.016699,-0.008849,0.045512,0.027799,-0.039959,0.056869,1
0.022929,0.04533,-0.031145,0.02287,-0.011206,0.057526,0.087737,-0.049468,-0.026148,1
-0.013963,0.012641,0.028715,-0.014814,-0.058377,-0.059044,-0.057953,-0.027225,-0.000622,0
0.030178,0.02364,0.003742,-0.016983,0.022367,0.058128,-0.050472,0.004258,0.006146,0
0.009642,-0.013668,0.018183,-0.018473,0.000243,0.00354,0.00096,-0.025672,0.011562,0
-0.008093,0.002307,0.010991,-0.031638,-0.000483,0.015351,0.006463,-0.026177,-0.022493,0
0.012658,0.021517,-0.021132,-0.01139,-0.00146,-0.007249,-0.02133,-0.020665,0.012127,1
-0.017367,0.005721,0.020235,0.034952,-0.033015,-0.01526,0.000979,-0.012207,-0.025422,0
-0.007075,0.018548,0.017802,0.056182,-0.003088,-0.008202,0.004251,0.020818,0.004967,0
-0.05302,-0.013621,0.010097,0.038142,-0.041314,-0.004736,0.003434,0.005637,-0.04439,0
-0.028483,-0.032548,-0.029876,0.043903,-0.035924,-0.014657,0.004879,-0.019044,-0.02321,0
0.009823,-0.036622,-0.007377,-0.010637,0.02668,-0.02255,0.01501,-0.027902,0.020359,1
0.029074,0.048051,0.00987,0.029637,-0.011502,0.017537,-0.019688,-0.028796,0.01499,0
0.049465,-0.028449,-0.083596,-0.028622,-0.00901,-0.057085,0.059015,-0.013911,0.059861,1
0.069067,0.042483,-0.011308,0.000904,0.017433,-0.021315,-0.001023,-0.012862,-0.032366,0
-0.015505,-0.004682,-0.044206,0.034548,0.012629,-0.036173,0.040839,0.021421,-0.029616,1
-0.029827,-0.0084,0.009102,-0.021217,0.035849,0.002036,0.008424,0.02387,0.000482,0
-0.015595,-0.071436,-0.013544,-0.016493,0.005094,-0.05517,0.069533,-0.008187,0.035937,1
0.025726,-0.003429,0.019022,0.020678,-0.016415,-0.009872,0.027178,-0.010672,-0.000508,0
-0.021671,-0.027883,0.002891,0.011935,0.012015,0.009734,0.010687,0.005959,0.006012,0
-0.034647,0.036323,-0.016919,0.010067,0.01942,-0.025344,-0.016292,0.015201,-0.017051,0
-0.01695,0.004235,-0.022942,0.056731,-0.023909,0.023123,0.000369,0.006634,-0.008208,0
0.009577,-0.007512,0.008993,-0.031928,0.066394,-0.00593,-0.02963,0.039601,0.013018,0
-0.016419,-0.04647,0.024867,0.00151,0.014001,0.01853,-0.003041,-0.022599,0.025807,0
0.048159,-0.000102,-0.006115,0.033939,0.070064,0.014551,-0.005472,0.039802,-0.041688,0
-0.005626,-0.01244,-0.009024,-0.007008,0.041695,0.041103,0.012237,0.015411,0.025016,0
0.017256,-0.014986,0.027265,0.006576,-0.024012,0.003104,-0.024971,-0.059551,0.025458,0
0.041418,0.029189,-0.065934,0.015428,-0.023929,-0.062206,-0.050156,0.024498,0.064957,0
-0.002161,0.025242,0.007996,0.069031,-0.015533,-0.022969,0.028207,0.044717,-0.013906,0
0.003796,0.020638,-0.012895,-0.001687,-0.003735,0.002122,0.025705,-0.000505,0.046903,1
-0.01599,-0.015734,-0.006189,-0.004978,-0.023528,0.015409,-0.012029,0.00629,0.005235,1
-0.01249,0.042025,0.051888,0.021664,-0.047861,0.039759,-0.001587,0.034013,-0.023787,0
0.0036,0.032604,-0.015204,0.0051,-0.003538,0.012383,-0.031099,-0.015381,0.013554,1
0.003505,-0.008828,-0.019108,0.01188,0.017055,0.010395,-0.00712,0.002038,0.033001,0
-0.051639,-0.032609,0.002307,0.030502,-0.02885,0.023871,-0.029947,-0.014253,-0.001054,0
0.00298,-0.00176,0.026124,0.036791,-0.007142,-0.021531,-0.008175,-0.000513,0.023719,0
0.023469,-0.005489,0.00783,0.073617,0.032057,0.073266,-0.004241,0.01006,0.077557,0
-0.008131,0.008253,0.027595,-0.045261,-0.003638,-0.018588,-0.013797,-0.044851,-0.019587,0
0.02389,-0.004572,-0.029928,-0.028893,-0.00573,0.001764,0.020852,-0.000175,-0.000267,0
0.017193,0.010047,-0.046751,-0.030574,0.029761,-0.054652,0.019789,0.029955,0.00752,1
0.050606,-0.058733,0.02321,-0.023682,0.01783,-0.041241,-0.050414,-0.033286,-0.027807,0
-0.058433,-0.071837,-0.032635,0.020164,-0.051115,0.050018,-0.011984,-0.04553,-0.027088,0
-0.027047,0.019112,0.046292,0.012875,-0.02163,-0.02913,-0.033405,-0.023929,-0.011401,0
0.019177,0.018965,-0.056102,0.049802,-0.032834,0.021694,-0.020056,0.011154,0.027901,1
0.000228,-0.02649,-0.011613,0.010945,-0.016632,0.013001,-0.04718,-0.001505,-0.014009,0
-0.049639,0.011475,-0.025145,0.003269,0.000015,0.000941,-0.010055,0.016881,0.047375,1
-0.039787,-0.046797,0.011109,-0.026512,0.038556,-0.009815,-0.002432,0.048174,-0.042677,0
0.0357,-0.016111,0.025931,-0.008113,0.029109,-0.029652,-0.006917,0.018203,-0.001827,0
-0.007652,-0.003795,-0.057436,-0.089095,-0.026222,-0.014407,0.041796,-0.033006,0.065417,1
-0.021395,-0.006885,0.010613,-0.065565,-0.008139,0.00102,0.081554,-0.064833,0.02525,1
-0.032849,-0.002891,0.058665,0.030848,-0.001471,-0.016325,-0.02335,-0.025755,0.001921,0
-0.025429,0.032738,0.003496,-0.005939,0.004964,-0.001955,0.000293,-0.009546,0.038718,0
-0.04764,-0.016456,-0.006043,-0.011027,0.025367,-0.026233,0.006465,0.018937,-0.017661,1
0.017325,-0.016737,-0.013056,-0.041815,0.008718,-0.050611,-0.051041,-0.023916,-0.014486,0
-0.003321,0.017257,-0.006184,0.029543,0.040929,0.028148,0.003006,0.005999,0.020467,1
0.078494,0.000355,0.036846,-0.001654,-0.098196,0.01992,0.052524,0.07385,0.015376,0
0.031556,-0.017032,-0.005409,-0.062231,0.012441,0.029976,-0.0258,-0.028838,-0.02244,0
0.000468,-0.015057,-0.020191,0.026585,-0.035888,0.008887,0.004492,-0.019103,-0.00787,0
0.016451,-0.028959,0.012577,0.005209,0.059664,-0.032309,-0.048174,0.051479,-0.019639,0
0.007389,-0.009689,-0.007481,0.040772,-0.007918,-0.021774,-0.013895,-0.013878,0.029738,0
-0.040825,0.024971,-0.019669,0.011175,-0.003622,0.01324,-0.0393,0.020409,0.00124,0
0.00457,0.012206,-0.031021,0.083182,0.003435,-0.033278,0.042196,0.023469,-0.015006,0
-0.042324,-0.03845,-0.01869,0.036653,-0.036228,-0.019887,-0.007459,-0.039766,-0.029386,0
-0.013997,-0.026455,0.011834,0.034466,-0.005358,-0.00173,-0.023862,0.000276,0.039681,0
-0.035668,-0.012071,0.003477,-0.031754,0.031152,-0.05724,0.015877,0.053428,-0.008179,0
-0.014133,0.059934,-0.029949,-0.03583,0.02466,-0.01632,0.012055,-0.002198,0.022265,1
-0.012098,0.030612,0.020216,-0.002873,0.04063,-0.016767,0.006115,0.005842,-0.006816,1
-0.008946,-0.020834,-0.024831,0.000345,0.01685,0.003489,-0.021785,-0.009878,-0.042348,0
-0.01761,-0.012891,-0.000998,0.034557,-0.032584,-0.005761,0.032129,-0.017788,-0.04796,0
-0.044889,0.003519,0.013416,0.056826,0.000185,-0.01205,-0.008116,0.017823,-0.008303,0
-0.032815,0.041394,-0.007396,0.029741,0.015243,0.022647,0.030013,0.022111,0.023873,1
0.005924,-0.008927,0.033662,-0.014763,0.006313,-0.014285,-0.036761,-0.031581,-0.034035,0
-0.045269,0.035678,0.006042,0.01192,0.003783,-0.012282,0.02739,-0.007408,-0.003976,1
-0.02532,-0.004741,-0.002727,0.026204,-0.014822,-0.035016,-0.004236,0.010292,-0.009461,0
-0.019608,0.019998,0.013046,-0.06324,-0.02801,-0.020731,-0.050539,-0.045295,-0.018505,0
-0.003514,0.013455,-0.005003,-0.066975,0.035534,0.006053,-0.011891,0.002545,0.011405,0
-0.01894,0.006505,0.031041,0.000969,-0.039558,-0.000035,-0.038487,-0.034702,-0.005647,0
-0.01593,-0.003766,-0.058421,-0.005167,0.012794,-0.021566,0.013079,0.042816,-0.003297,1
0.078871,0.015307,-0.027877,0.00413,0.052712,-0.00834,0.043627,0.015312,-0.022217,0
-0.027475,-0.000365,-0.013123,0.000951,-0.017493,0.012583,0.027962,-0.007343,0.021526,1
-0.027023,-0.028715,0.016561,-0.035563,-0.002024,0.035342,-0.037024,-0.015814,-0.05068,0
0.012102,0.041712,-0.002378,0.000978,-0.004144,-0.035672,0.056487,-0.024821,-0.000028,1
0.074467,0.056732,0.070038,0.001562,-0.078192,0.000311,0.042124,0.097296,0.008553,0
-0.011889,0.030481,0.014558,-0.020605,0.028182,-0.011204,-0.008128,0.0074,-0.001704,0
0.019781,0.060719,0.002599,0.063229,0.002736,0.050421,0.054349,0.006353,-0.043116,1
0.003081,0.032559,0.018067,-0.010081,0.035071,0.010402,-0.053229,0.026712,-0.007456,0
0.023633,0.003576,0.045176,0.031679,0.014144,0.020413,-0.02995,-0.012004,0.070312,0
0.055806,0.06823,0.041762,0.026356,0.037141,0.001454,-0.085552,0.020891,-0.019697,0
-0.004381,0.048233,-0.008913,0.055882,0.006015,-0.044661,0.021514,0.017432,-0.030589,1
-0.044905,0.010044,0.008125,0.065255,-0.009468,-0.005665,0.018718,0.003238,-0.046989,0
0.014252,0.081428,0.074593,0.002397,-0.004683,-0.052888,-0.074568,-0.046991,0.025172,0
-0.032849,-0.002891,0.058665,0.030848,-0.001471,-0.016325,-0.02335,-0.025755,0.001921,0
0.031559,0.042321,-0.016576,-0.049731,-0.019998,-0.034153,-0.018313,0.000803,0.003583,1
-0.003734,0.033747,0.02502,0.036221,-0.029613,0.048033,-0.00808,-0.002328,-0.009486,0
-0.025455,0.016872,0.002278,-0.030705,-0.027578,-0.010839,-0.03172,0.008765,-0.011795,0
0.044118,0.029728,-0.101902,0.066839,0.00049,-0.098721,-0.036818,0.036897,0.074274,1
0.016451,-0.028959,0.012577,0.005209,0.059664,-0.032309,-0.048174,0.051479,-0.019639,0
0.087766,0.039912,-0.010729,0.008162,0.007063,-0.017466,0.019281,-0.029949,-0.043467,0
0.035963,-0.098236,0.023798,0.056717,0.03713,-0.025946,0.036723,0.010362,0.020308,0
0.020206,-0.066073,0.009978,0.025987,0.039352,-0.005517,0.067778,-0.011523,0.019864,1
0.00115,-0.041416,-0.006535,0.024851,0.03314,0.004372,0.067335,-0.027138,0.055032,1
-0.017022,-0.003812,0.011132,0.006878,0.021031,0.008033,-0.00369,0.001876,0.011735,0
0.007754,-0.01689,-0.029542,0.04078,-0.008006,-0.041729,-0.030738,0.02476,0.062231,0
0.116205,-0.055779,0.047612,-0.059043,-0.14234,0.048367,0.011643,0.142082,-0.032744,0
-0.028066,0.041939,-0.013336,-0.033522,0.013337,-0.009354,-0.01241,0.006206,0.045248,1
-0.032849,-0.002891,0.058665,0.030848,-0.001471,-0.016325,-0.02335,-0.025755,0.001921,0
-0.01343,0.035074,0.042339,-0.046017,0.028818,-0.010817,-0.017316,0.015005,0.004004,0
-0.017936,0.007611,0.014309,0.041533,0.000115,0.000257,-0.024045,-0.00745,0.016872,0
-0.064651,-0.036277,-0.005411,0.005534,0.017414,-0.008379,-0.012446,0.030831,-0.073703,0
-0.040047,-0.068698,0.007011,-0.014936,0.00543,0.024684,-0.005567,0.029988,-0.04437,0
-0.025665,-0.046973,-0.003969,0.053643,-0.001801,0.004601,0.074747,-0.005126,-0.051654,0
0.030039,-0.037662,0.019091,-0.047407,-0.006352,-0.025392,0.080822,-0.055231,0.020915,1
-0.026794,0.027048,-0.007584,-0.0143,-0.002295,0.011191,-0.005852,-0.008058,0.042413,1
0.056999,0.018629,0.068597,-0.010262,-0.085814,0.003491,0.029675,0.053979,0.004882,0
0.04583,-0.004565,-0.114266,-0.010282,-0.013311,-0.026054,-0.038343,0.030805,0.078591,0
-0.002521,0.015279,0.055561,-0.05655,0.01212,-0.053714,0.020048,0.022034,-0.020035,0
-0.016138,-0.041085,0.017351,0.021814,-0.006238,-0.009343,-0.058686,-0.00354,-0.0014,0
0.021708,-0.023576,-0.003506,0.015927,-0.027168,0.067204,-0.049973,-0.049555,-0.011228,0
0.031775,-0.000319,-0.04158,0.017081,-0.036705,-0.010733,-0.034251,-0.018636,0.042925,0
0.065104,-0.017494,0.032488,0.01266,0.055456,0.050721,-0.007828,-0.034832,0.02973,0
-0.019151,0.033726,-0.028136,-0.018297,-0.008346,0.01607,0.011225,-0.005909,0.024171,1
0.032455,-0.013888,-0.008724,0.010896,-0.016276,-0.030323,-0.025085,-0.009249,-0.020564,0
0.053425,-0.029756,0.000084,0.008128,0.023726,-0.03277,-0.0553,-0.010927,-0.021525,0
0.045791,-0.025311,-0.011523,0.045148,-0.003872,-0.003312,0.009999,-0.007375,-0.019833,0
-0.036507,-0.062995,0.045656,0.037763,-0.008042,-0.025214,0.020558,-0.021871,-0.00955,0
-0.003136,0.023509,0.011597,-0.029653,0.000807,0.017479,-0.004722,-0.029421,-0.020133,0
-0.016251,0.060639,0.00499,-0.017955,-0.017915,0.022531,0.011515,-0.035233,-0.002159,1
-0.019877,0.0114,-0.006276,0.011865,0.027123,0.057823,-0.006029,0.031402,0.02052,0
0.013139,0.043532,0.043648,-0.024293,0.018334,-0.061491,-0.040491,0.031468,-0.030143,0
0.038936,0.015831,-0.007073,0.001478,0.046332,0.036119,-0.050313,0.017259,-0.041304,0
0.080876,-0.016402,0.064245,-0.099587,-0.129105,0.096276,0.063322,0.186017,0.037041,0
-0.056592,0.012532,-0.010565,-0.060346,-0.012599,-0.006187,0.050417,-0.013071,0.028754,1
-0.003945,0.000459,-0.015256,-0.016271,0.019279,0.025422,0.027962,0.006899,-0.014538,0
0.023766,-0.002314,0.03301,0.004635,-0.010743,0.016085,-0.025583,-0.061227,0.031121,0
-0.005964,0.03465,-0.021133,0.06489,-0.022579,-0.074508,0.010428,0.04716,-0.016583,0
-0.01204,0.013975,0.030471,-0.002808,-0.027601,-0.062398,-0.065991,-0.021084,0.027437,0
-0.004253,0.020955,-0.033201,-0.035715,0.006376,-0.013594,0.007577,0.023273,-0.016377,1
-0.005401,0.042175,0.01255,-0.002165,0.026261,0.077534,-0.037598,-0.006832,0.030509,0
0.027644,-0.001069,0.017082,0.004875,0.052247,0.008878,0.016072,0.03055,-0.019546,0
-0.022114,0.015129,0.010528,-0.040365,-0.011951,0.027286,-0.011478,-0.000689,-0.021542,0
-0.03628,-0.015909,-0.009469,-0.019266,-0.034788,0.028202,0.040854,-0.016424,-0.003652,0
-0.011909,-0.009049,0.023557,0.064102,0.018957,-0.00758,0.01233,0.027477,0.024953,0
0.070038,0.04077,0.107603,-0.074468,-0.123655,0.008156,0.019292,0.093057,0.002189,0
0.035383,-0.114053,0.034183,0.00767,0.017813,-0.003332,0.088606,-0.038541,0.02055,0
-0.01211,0.065046,-0.026879,-0.057391,-0.009357,-0.011363,0.010992,0.001849,0.003887,1
-0.036361,0.031391,-0.018088,-0.031309,-0.02044,0.010482,0.015395,-0.015831,-0.005824,1
0.013688,-0.007979,-0.022211,-0.042099,0.013332,0.017543,-0.035121,-0.005846,-0.02409,0
-0.025175,0.00473,-0.018398,-0.012387,-0.012894,-0.031794,0.030793,0.001915,0.016383,1
-0.00254,0.048814,0.01556,0.047995,0.012304,-0.023714,-0.013716,-0.003819,0.002116,0
0.001137,-0.001181,-0.010714,0.020985,0.029671,0.065324,-0.036888,0.013232,0.073155,0
-0.03762,-0.007445,0.024575,0.011067,0.016759,-0.037879,0.042815,0.015653,0.029089,0
-0.022974,-0.028281,0.03904,-0.016144,-0.028087,0.000617,-0.001437,0.071809,0.021415,0
-0.020784,0.007233,0.035256,0.027163,-0.019532,-0.05592,-0.006495,0.002304,-0.013685,0
-0.027106,0.006401,-0.013833,-0.02062,0.022916,0.008416,0.008384,0.049697,-0.003468,0
0.04554,-0.023195,-0.069069,0.017494,-0.008021,-0.049009,-0.038671,-0.001768,0.010544,0
0.010286,-0.022291,0.008673,0.084691,-0.02596,-0.002098,-0.016163,-0.026925,-0.036257,0
-0.037965,-0.005221,0.020063,-0.00317,0.001018,0.002942,0.027655,0.012541,0.033702,1
-0.002492,0.006436,0.026857,-0.003192,0.05779,0.002421,-0.018024,0.065929,-0.002679,0
0.001978,-0.036678,-0.003655,-0.006217,0.051614,0.004349,-0.010622,0.057968,0.010823,0
-0.003533,0.00534,0.029454,0.045673,0.00909,-0.019123,-0.002555,-0.005458,0.016107,0
-0.039931,-0.068572,-0.036785,-0.066416,-0.002254,0.048356,0.012552,-0.02138,-0.021898,0
-0.010155,0.003105,0.014808,0.0356,-0.021517,-0.045821,0.01847,0.012783,-0.021998,0
-0.009368,-0.012889,-0.008737,-0.007117,-0.024412,0.011377,-0.011844,-0.037044,-0.009544,0
0.090594,-0.04888,0.050337,0.003068,0.060939,0.01407,-0.03408,-0.039932,0.017301,0
0.00258,0.008421,-0.056254,0.017923,-0.040334,0.023388,-0.083065,0.044332,0.083853,0
-0.03953,-0.042781,0.02111,-0.025212,0.01433,-0.004782,-0.009441,0.029828,-0.055132,0
0.000976,-0.052085,0.042668,0.050133,0.006213,-0.006831,0.037693,-0.023274,0.011035,0
-0.013982,0.000044,0.023473,0.052584,0.007727,0.001021,-0.00064,-0.012274,0.007279,1
-0.021464,0.0288,0.03002,-0.022183,0.054034,0.000097,-0.000153,0.033675,0.007916,0
0.001652,0.017133,0.019792,-0.029544,-0.000707,0.010041,-0.004797,-0.035547,-0.014815,0
0.010997,-0.002216,0.049362,0.001404,-0.00205,-0.005575,0.018235,-0.041737,-0.012024,0
-0.019157,-0.061918,-0.015681,-0.012195,-0.009792,-0.005654,-0.006617,-0.015305,0.018818,0
0.034881,-0.012829,0.01398,-0.024528,0.026684,-0.031661,-0.015523,-0.018921,-0.017019,0
-0.028461,0.028249,0.018585,-0.005327,-0.005667,0.004119,0.013201,-0.014509,0.021395,0
-0.01599,-0.031569,-0.025322,-0.024754,0.060724,0.021409,-0.007446,0.062866,-0.009862,0
-0.053414,0.040311,-0.039339,-0.035807,0.000852,0.040151,0.040754,-0.013476,0.036464,1
0.00779,0.023915,-0.008795,0.030778,-0.009117,0.010027,-0.044012,-0.022241,0.035539,0
0.007219,-0.055891,-0.022268,0.013874,0.007817,0.019953,0.0012,-0.018483,0.045374,1
0.129965,-0.000505,-0.147504,0.058086,-0.120141,-0.117148,-0.012645,-0.050167,-0.030346,0
-0.035518,0.024974,0.005064,0.072467,0.021669,0.006593,-0.023799,0.03399,0.022925,0
-0.024478,0.012813,0.020801,0.018773,0.023426,0.025368,-0.011619,0.023895,0.017485,0
-0.003036,0.003512,0.011864,-0.020686,-0.011569,-0.033353,-0.058152,-0.004512,-0.031687,0
0.06074,-0.054834,0.038639,0.028705,0.063189,0.023512,-0.024891,-0.014932,0.001068,0
-0.008315,0.016054,0.012376,-0.04432,-0.0322,0.022333,-0.002411,-0.055109,-0.050876,0
-0.003341,0.005117,-0.076499,0.000704,-0.030855,0.02483,0.030678,0.001986,-0.047903,0
0.005589,0.031321,-0.001974,0.031706,0.001459,0.026912,-0.06589,0.013798,-0.005136,0
0.0604,-0.038721,0.078003,-0.031038,0.034191,-0.036939,0.057039,-0.099576,0.081792,1
-0.015556,0.040915,0.013721,-0.049361,0.031481,-0.021056,0.006634,0.016425,-0.027439,0
-0.008944,-0.038586,-0.038921,0.000056,-0.047903,-0.025191,-0.019641,0.003894,0.014564,0
-0.055968,-0.035099,0.036101,-0.003235,-0.062049,-0.008564,-0.0378,-0.012426,-0.017131,0
-0.010947,-0.017581,0.012299,0.064907,-0.015061,-0.037578,0.041683,0.036018,-0.013745,0
0.024104,0.051807,0.046857,-0.055924,0.025328,-0.03482,-0.013716,0.008371,0.016158,0
-0.011725,0.04324,0.017632,-0.024674,0.044155,-0.005053,0.031886,0.014714,-0.037711,0
-0.054196,0.040408,0.019396,0.001413,0.016682,0.011087,0.025931,0.042512,0.013857,1
0.001579,0.009545,0.035924,-0.009272,-0.033325,0.017732,-0.03024,-0.065535,-0.00643,0
0.028839,0.005238,-0.061915,0.01668,-0.013058,-0.019756,0.004704,0.014968,0.020712,0
0.019956,0.037812,0.012227,-0.02549,-0.001322,0.034866,0.019127,-0.057437,-0.040936,0
0.066699,-0.060417,0.046893,0.036434,0.037533,0.014297,-0.03549,-0.025952,0.00525,0
0.031536,0.04113,-0.014168,-0.028962,0.039277,0.011569,0.004882,-0.015666,0.011725,1
0.036628,-0.045573,-0.038206,0.026828,0.017936,-0.012937,-0.044366,0.011157,-0.029825,0
-0.058476,0.020563,0.013624,-0.006332,-0.027664,-0.030086,-0.032345,0.011632,-0.037675,1
-0.030332,0.007103,0.017507,0.012578,0.019817,-0.003958,0.027227,0.00267,0.040767,1
0.052583,-0.017768,0.025612,0.019234,-0.003783,0.007427,0.028503,-0.045631,0.025077,0
-0.00654,-0.008847,0.018852,0.014716,0.034044,0.021897,0.003952,-0.003071,0.024648,0
0.016016,0.012598,-0.004949,0.004711,0.062926,0.014173,-0.067564,0.044087,-0.025765,0
-0.008829,0.003582,0.006015,-0.04679,0.006425,0.01151,-0.040523,0.006143,-0.043308,0
-0.029282,-0.053677,-0.0794,-0.009132,-0.034453,-0.012279,-0.000166,-0.005423,-0.015765,0
-0.017867,-0.013069,-0.023838,0.046706,-0.015609,0.010503,-0.018679,-0.000369,0.017851,0
-0.004922,-0.043583,-0.03374,0.008543,-0.012402,0.018219,-0.062064,-0.053416,-0.014866,0
-0.032254,0.005293,-0.008946,0.028844,0.03232,0.042179,-0.026067,0.035517,0.038468,1
-0.036524,0.036961,-0.017505,-0.02364,0.014901,-0.014317,0.039955,0.007045,-0.007949,1
-0.016253,0.020146,0.014328,-0.02999,-0.008127,-0.018574,0.032248,0.056555,0.038648,1
0.003582,0.013787,0.061512,0.011905,-0.036261,0.016845,-0.011284,0.028882,0.017732,0
0.017179,0.002767,-0.047605,-0.013322,0.056836,0.00163,0.04341,0.076989,0.029111,1
0.022043,0.001415,0.043365,-0.00076,-0.003228,0.05733,-0.051167,-0.06476,0.057875,0
0.019972,0.001462,-0.082547,0.003716,0.004546,-0.081905,0.024959,0.032211,0.000247,1
-0.030779,-0.022998,0.010325,0.059994,-0.008266,0.009579,0.011044,0.024225,0.002865,0
0.040159,0.030697,0.011855,-0.037537,0.000316,-0.024282,0.008885,-0.032521,-0.005434,0
0.047224,0.015828,0.013655,-0.029362,0.005648,-0.022882,0.008456,-0.015382,-0.05541,0
-0.019322,0.03579,-0.008109,0.007193,0.005736,0.016896,0.006147,-0.001727,0.04338,1
0.018372,0.070636,0.025526,0.014178,0.01634,0.073896,-0.01158,-0.017834,0.004616,0
0.03723,0.017577,-0.023489,0.024685,-0.003717,-0.012348,0.010956,0.015778,-0.051577,0
0.030401,-0.023688,0.005051,-0.021741,-0.019078,-0.046503,-0.009383,-0.023353,0.031815,0
0.001503,0.013856,0.028224,0.022516,-0.012395,0.012547,-0.039914,-0.016351,0.035146,0
-0.010371,0.030351,-0.026618,-0.029186,0.030182,0.018148,-0.015062,0.02897,0.012697,0
-0.05575,0.013468,0.036895,0.008779,-0.051664,-0.016332,-0.037047,-0.026669,-0.046266,0
-0.011349,-0.026742,-0.025971,-0.022247,0.031606,-0.008861,0.003098,-0.001156,0.01674,1
0.004734,-0.033902,0.042896,-0.006876,0.069653,-0.011691,0.005705,0.018155,-0.008485,0
0.059651,-0.003538,0.023724,-0.072571,-0.085933,0.003523,0.003069,0.068639,0.035034,0
0.060944,0.008522,-0.047038,-0.030261,-0.032743,-0.029646,-0.046474,-0.008447,-0.007548,0
0.017264,-0.011699,0.029367,0.006806,0.01349,0.003009,-0.001519,-0.017142,0.035624,0
0.04669,-0.036196,-0.013322,0.025612,0.026319,0.03741,-0.020089,0.012743,-0.038676,0
0.039086,-0.011189,-0.004253,-0.051735,-0.020179,-0.047304,-0.04084,-0.024817,-0.022975,0
0.019504,0.079451,-0.005776,0.014428,-0.001898,0.059246,0.080068,-0.023823,-0.026958,1
-0.006865,0.023116,0.015753,0.036141,-0.001785,-0.014834,-0.030603,0.023263,0.032872,0
-0.013562,-0.015719,0.059343,0.023087,-0.016265,-0.031036,0.014339,-0.034669,-0.022816,0
-0.019615,0.031859,-0.01418,0.012407,0.036844,0.033387,0.030989,-0.000315,0.038556,1
-0.02412,0.01231,-0.010146,0.021195,0.029297,0.033765,0.036694,-0.024958,0.029712,1
0.030308,0.035853,0.029168,0.028164,-0.030925,0.006553,-0.006376,0.016743,0.020405,0
0.020332,0.012539,-0.028014,-0.000181,0.060085,0.022559,0.053312,0.014615,-0.00051,0
-0.047149,0.029138,-0.014163,0.040232,0.030256,-0.014997,0.026447,0.038663,0.033713,1
0.00258,-0.011494,0.014501,-0.034146,0.002209,-0.006223,-0.01043,0.007706,-0.052485,0
0.009672,0.031098,0.007497,-0.017242,-0.004817,0.02023,0.01906,-0.025648,-0.035051,0
-0.014365,0.000919,0.010673,0.011885,-0.046489,-0.038577,-0.036688,-0.005301,0.0054,0
-0.019528,-0.025596,0.011282,0.026822,-0.023082,-0.016397,0.013983,-0.000314,-0.014117,0
-0.024177,0.035543,0.015679,0.052706,-0.028531,-0.012958,0.003866,0.033916,-0.028588,0
0.01113,0.002373,-0.018462,0.036108,0.003158,0.053971,-0.014934,-0.011952,-0.039819,0
-0.045726,-0.010541,-0.009187,-0.014603,0.006501,-0.026343,0.042869,-0.00313,0.003525,1
0.060202,0.018839,-0.003798,0.028416,0.002304,0.057624,-0.023071,-0.027289,-0.003978,0
-0.020885,0.011536,-0.001621,0.043081,-0.014562,-0.011102,-0.031016,0.020072,0.020368,0
0.03141,0.003585,-0.078299,-0.035542,-0.005157,0.020898,-0.044968,-0.026729,0.050466,1
0.029444,0.021333,0.022328,0.010598,0.0314,-0.01755,-0.030005,0.002802,-0.008449,0
-0.004051,0.026512,-0.027611,-0.016901,0.001971,-0.04186,0.011251,0.017942,-0.025433,1
0.032069,0.044337,-0.074301,0.005938,-0.022709,0.004075,0.019761,0.002388,-0.025821,0
-0.034904,0.000057,-0.010379,-0.001505,0.02386,0.009788,0.028385,-0.004069,0.034493,0
-0.002351,-0.030041,-0.007184,-0.009488,0.024344,0.033119,0.03047,-0.020993,-0.002787,0
0.001479,0.017602,0.002094,0.030993,-0.010331,0.012368,-0.037092,-0.010146,0.032618,0
-0.003946,-0.006556,-0.005753,-0.0009,0.017096,0.031931,-0.041506,0.0163,-0.012574,0
0.017992,0.000604,0.036486,0.022111,-0.021748,0.004908,-0.018037,0.002719,0.040196,0
-0.038846,-0.011287,0.033521,0.010732,0.008254,-0.012165,0.054285,0.007116,0.014891,1
0.05551,-0.006698,0.007279,0.000574,0.029281,-0.020546,0.020729,-0.003464,-0.024439,0
0.025902,0.013823,-0.001117,-0.033911,-0.004693,-0.00578,0.027072,-0.010567,-0.018159,0
-0.036123,-0.01259,-0.001442,-0.033188,0.032546,0.011069,0.006088,0.017761,-0.007124,0
-0.008829,0.003582,0.006015,-0.04679,0.006425,0.01151,-0.040523,0.006143,-0.043308,0
0.057927,-0.064465,-0.040725,0.031162,0.020254,0.010596,0.082031,-0.027582,-0.056255,0
0.071338,-0.052325,0.044674,0.010413,0.048663,0.0149,-0.020763,-0.029999,-0.011712,0
-0.018071,-0.001132,0.016466,-0.001595,0.016765,-0.027484,0.000242,-0.012587,-0.006835,0
0.007568,0.03275,0.008194,0.023592,-0.046109,-0.001836,-0.004942,-0.03698,-0.032146,0
0.032978,0.030975,-0.003893,0.040835,0.021726,-0.007675,0.042858,0.022002,-0.074329,0
0.034366,-0.019457,-0.065831,-0.013145,-0.034664,0.046002,0.088515,0.026179,-0.046993,0
-0.032049,-0.051598,-0.002577,0.009158,-0.04704,0.035716,-0.014387,-0.050285,-0.013743,0
-0.015061,-0.043748,0.001994,-0.0036,0.026588,0.03269,-0.048804,0.027289,-0.060858,0
0.004475,0.030455,-0.026319,0.051556,0.018291,0.063108,-0.00345,-0.014016,0.012607,0
-0.038686,0.057492,-0.036156,-0.010694,0.019792,0.022034,0.063946,0.023138,0.044247,1
-0.038185,0.037989,0.010853,-0.006207,-0.002204,0.010915,0.009412,0.000004,0.017428,1
0.049465,0.000629,-0.012429,-0.020895,-0.040066,0.00065,-0.037707,-0.050768,-0.033853,0
0.023013,-0.028526,-0.004505,-0.001137,0.055847,-0.02803,-0.016713,0.022781,-0.0605,0
-0.010573,-0.070539,-0.008701,-0.002297,-0.001228,-0.053694,0.020945,-0.017522,0.006702,0
0.050234,0.086867,0.081724,0.020054,-0.076894,0.026478,0.048711,0.06501,-0.043114,0
0.014182,0.039514,0.017031,0.055017,0.013136,0.019031,-0.013089,-0.00722,0.026715,1
-0.027614,0.063585,0.000502,-0.011515,0.004462,0.017888,-0.017515,-0.008818,-0.041664,1
0.019101,-0.024972,-0.057543,-0.007594,-0.083509,-0.041123,-0.04571,0.003035,0.034847,0
0.063785,0.045132,-0.008521,0.028483,0.022747,-0.021492,0.019067,-0.015593,-0.050891,0
-0.007195,0.006342,0.018542,-0.004684,0.024974,-0.004637,0.032111,-0.02137,0.046665,1
-0.043041,0.010098,-0.015718,0.004853,-0.01727,-0.013098,0.032239,0.015313,0.004367,1
-0.017323,0.039102,-0.013419,-0.019203,-0.015711,0.00642,0.002754,-0.025519,0.01989,1
-0.065784,-0.020646,-0.001994,-0.061572,0.018507,0.093976,-0.016287,0.025062,-0.009489,1
0.006574,-0.004219,0.00096,-0.036498,-0.026878,0.046509,-0.01254,-0.038597,-0.003496,0
0.019867,0.02067,0.030787,-0.033798,0.026697,-0.051726,0.053219,-0.004601,-0.036782,0
0.093667,0.052746,-0.002998,0.000288,-0.006445,-0.039259,0.023597,-0.036308,-0.061859,0
0.035578,0.051831,0.015135,0.034017,-0.004854,-0.027291,-0.005386,-0.021093,-0.068886,0
-0.010145,-0.007114,-0.036661,0.049975,-0.024554,0.005709,-0.00281,-0.001642,-0.000013,0
-0.028248,0.032265,0.026459,-0.009026,0.006884,0.010287,0.021013,-0.003776,0.022362,1
0.004353,-0.0849,0.046977,-0.036614,-0.142922,0.073421,0.010617,0.08556,0.02337,0
-0.031625,0.019289,0.002047,0.04825,-0.009852,0.081519,-0.025572,-0.010235,0.000408,0
-0.059294,-0.026116,0.001924,0.023597,-0.043375,-0.004963,-0.034023,0.023907,-0.003562,0
-0.016247,-0.048134,-0.010288,0.01036,0.003266,-0.017279,0.024818,0.0049,0.000928,0
-0.067521,-0.000196,-0.009348,0.005018,-0.01823,-0.024837,0.031476,0.022933,-0.008466,1
-0.0638,-0.01591,-0.008899,-0.010892,-0.035323,0.023854,0.027218,-0.027145,-0.018409,0
0.009345,0.029905,0.011853,-0.040565,-0.025408,-0.002568,0.013718,-0.05216,0.021069,1
-0.000536,0.032869,0.030751,-0.051475,0.01905,-0.013993,-0.01735,0.015245,0.009921,0
-0.029351,0.017526,-0.041074,-0.006527,0.000174,-0.058573,0.021055,0.004341,0.017898,1
0.000921,0.047626,-0.018631,0.027391,-0.004251,0.044361,0.057238,-0.008642,-0.074356,0
-0.029503,0.016093,-0.022504,-0.010459,0.037221,0.021039,-0.009428,0.014387,0.000676,1
-0.042771,-0.008236,0.010867,-0.037308,0.00636,0.02405,-0.016375,-0.014454,-0.017672,0
-0.009494,0.039308,0.00736,-0.01296,-0.001109,-0.008041,-0.037449,-0.010602,0.003629,0
0.003281,-0.045852,0.059123,0.035037,0.038187,-0.024724,0.008806,-0.013731,0.053241,1
-0.033227,-0.014189,0.027617,0.015441,0.007089,-0.016596,-0.000292,0.030609,0.006337,0
0.006802,-0.041552,-0.002558,-0.017683,0.002338,-0.015941,-0.002525,-0.025983,0.026584,0
-0.048602,-0.034663,-0.006785,-0.060099,0.002919,0.048393,0.012749,-0.022416,-0.044227,0
0.001677,-0.040378,-0.023048,-0.006446,-0.00256,-0.027822,0.009789,0.020294,0.02468,0
-0.015568,0.042848,-0.015186,-0.01203,-0.006751,-0.02389,0.000472,-0.024039,-0.052404,1
-0.041056,-0.028075,0.001109,0.01165,-0.025242,-0.049613,-0.02397,0.006844,-0.000463,0
-0.026028,0.004353,-0.008192,0.04309,-0.016663,-0.023884,-0.014963,0.040989,0.010106,0
0.003589,-0.027797,0.006801,-0.026266,0.012721,-0.013953,-0.030104,-0.005846,-0.022837,0
-0.007058,0.028228,0.003365,0.04277,0.001214,-0.011475,0.025452,0.018102,-0.025105,0
-0.00492,0.051265,0.001154,0.002427,0.009268,0.068145,-0.044305,-0.007439,0.022593,0
-0.041554,0.045037,0.001467,-0.019453,-0.030252,-0.064996,0.007326,-0.033288,-0.024906,1
-0.018265,0.014607,0.019611,0.017737,-0.038252,-0.019305,-0.022065,-0.019706,-0.018732,0
-0.02503,-0.035579,-0.056909,-0.020167,0.009219,0.096013,-0.000006,-0.008632,0.005838,1
0.027383,-0.007883,-0.071123,0.004836,-0.039482,-0.017815,-0.00798,0.012145,0.02292,0
0.016128,0.022326,-0.0012,-0.011317,0.025612,0.051316,-0.041166,0.017894,-0.00772,0
0.001239,0.002416,-0.05953,0.024698,-0.019326,-0.070637,0.001244,0.00911,-0.007057,1
0.037437,0.039327,0.01017,0.048594,0.016196,0.081038,-0.030828,0.006968,0.075668,0
-0.010174,0.008822,-0.035113,-0.046913,-0.003892,-0.024837,0.024321,-0.004273,0.027271,1
-0.063057,-0.014154,-0.049555,-0.011007,-0.049888,0.035022,0.028167,-0.010473,-0.023107,1
-0.017368,-0.045078,0.020845,0.014487,0.01706,-0.088816,-0.045976,0.012027,-0.080637,0
-0.010752,0.020966,0.015221,-0.012474,0.005541,0.014083,0.018582,-0.021074,0.038332,1
-0.040118,-0.03625,0.017528,0.006353,0.001982,0.002328,0.058136,-0.004322,0.016457,1
0.016537,0.051884,0.039465,0.025105,-0.030621,0.004303,-0.01892,0.019587,0.011866,0
-0.028143,-0.011777,-0.030091,-0.028318,0.036454,-0.034231,0.020774,0.032554,-0.012859,1
0.02521,-0.040874,-0.052211,-0.010671,-0.004658,0.031622,-0.02545,0.006435,-0.001889,0
-0.031866,0.013823,-0.016324,-0.021112,0.051085,0.013814,0.009253,0.047462,-0.000625,1
-0.040321,-0.008376,-0.014756,0.012902,0.023134,-0.045641,0.012915,0.038604,-0.013108,1
-0.015078,-0.054459,0.009441,-0.070625,0.003535,0.016823,-0.021809,0.026505,-0.028973,0
0.028189,0.079955,0.087184,-0.084554,0.00007,-0.107957,-0.031806,-0.065261,-0.029483,0
-0.040805,-0.058511,0.029812,-0.018364,0.01075,-0.032542,-0.003395,0.01426,0.016586,0
-0.00074,0.020126,0.038935,0.021786,0.020831,0.00692,-0.033015,0.043664,-0.014471,0
0.011868,0.003416,-0.037524,0.051964,-0.025927,-0.056261,0.006783,0.038315,0.014289,1
0.091771,0.030474,0.012527,0.03404,0.058439,0.092562,0.036052,-0.036333,-0.011196,0
0.027587,-0.002689,0.004288,-0.007051,0.015624,0.02688,-0.0156,-0.028055,-0.030778,0
-0.05838,-0.005363,-0.021439,-0.002889,0.021632,-0.013068,0.007107,0.02317,-0.033547,0
-0.026908,0.006335,-0.013268,0.023627,-0.052768,0.033543,-0.031638,-0.01256,-0.013617,0
0.036079,0.058278,0.081291,-0.059175,-0.005117,-0.007322,-0.020672,-0.074102,0.064889,0
-0.005524,0.046178,-0.033491,-0.025663,-0.002844,-0.000705,0.015697,-0.020315,0.017793,1
-0.001794,-0.045292,0.022497,0.005302,-0.037954,-0.020905,-0.006901,0.003455,0.025004,0
0.017193,0.010047,-0.046751,-0.030574,0.029761,-0.054652,0.019789,0.029955,0.00752,1
0.026917,0.033764,-0.015834,-0.005616,0.008764,-0.003445,0.017792,-0.030308,0.059795,1
-0.035675,0.041844,0.014185,0.002123,-0.00028,-0.027746,0.011919,0.010527,0.018649,0
0.045972,-0.008172,-0.052824,0.002169,0.032742,0.045114,0.056359,0.007493,-0.060697,0
0.02452,-0.038888,-0.001963,0.051657,-0.01206,0.006001,0.057825,-0.016376,-0.004277,0
-0.048643,0.074991,-0.004287,-0.060676,-0.017197,0.040499,0.027767,-0.030536,0.015342,1
-0.054443,0.047738,0.025185,-0.013772,-0.001556,0.001857,-0.010992,0.018132,0.023277,1
-0.025061,-0.037296,0.005645,-0.031016,0.023643,0.025211,-0.018645,-0.000892,-0.044507,0
0.011246,0.023073,-0.001105,-0.055492,0.055935,0.026256,0.001885,0.008649,0.022115,0
0.005314,0.036769,0.010548,-0.001491,-0.009761,0.003199,-0.036065,-0.018048,0.013831,0
0.043183,-0.01078,-0.005685,0.014142,0.031307,-0.023293,0.026959,0.00972,-0.031658,0
0.092718,0.047376,-0.156052,-0.022266,-0.048858,-0.034021,0.022251,-0.042845,-0.023357,0
-0.014879,-0.010372,-0.031812,-0.066965,0.052573,0.026951,0.017126,0.0205,0.001873,1
-0.001325,-0.026867,0.015218,0.036542,0.020838,0.02351,-0.003066,-0.026862,0.035684,0
-0.018707,0.001738,-0.012889,0.016974,-0.036707,0.02927,-0.037002,-0.010419,0.008523,0
0.088937,0.036673,-0.119929,-0.0086,-0.062153,-0.029093,0.059859,-0.034732,0.024406,1
-0.001766,-0.036621,-0.016048,-0.011365,0.026402,0.054576,-0.001163,-0.006317,0.039941,0
0.036315,0.083503,0.081318,-0.097041,0.019991,-0.064935,-0.030857,-0.020517,0.002745,0
0.020363,0.08078,0.059444,-0.057754,-0.003622,-0.068933,-0.058586,-0.029924,0.007529,0
0.001822,0.046361,-0.061565,0.035488,-0.001798,0.054842,0.044402,-0.004753,0.017851,1
0.027227,-0.048779,-0.00694,-0.042758,0.005057,-0.033274,-0.009165,-0.021069,-0.025252,0
-0.037304,0.042177,-0.028178,-0.039344,0.003984,0.023521,0.047502,-0.005142,0.047068,1
-0.006746,0.001409,0.012704,0.008378,0.019078,0.010393,-0.000117,0.015987,0.019767,0
0.016104,-0.076767,0.006305,0.006197,0.001996,0.025807,-0.011829,-0.023003,-0.078361,0
-0.057285,0.026707,0.002061,-0.023526,-0.028298,-0.047552,0.020496,0.003292,-0.02435,1
0.039982,-0.006744,-0.007052,-0.005267,0.055033,0.008663,-0.066617,0.019571,-0.009543,0
0.027724,-0.043112,0.020459,-0.004269,-0.019272,-0.062517,-0.045216,0.009812,0.093002,0
-0.002582,0.047689,0.019608,-0.063985,0.042423,0.011449,-0.015996,0.016964,0.007967,0
-0.041667,-0.008326,-0.004279,0.027501,-0.043195,-0.045983,-0.012353,-0.020826,-0.040869,0
0.001689,0.022368,0.008322,0.021347,-0.01446,0.064608,-0.05141,-0.028189,0.037916,0
-0.011163,0.013174,0.02885,0.064881,0.019687,-0.021155,-0.007243,0.004886,0.021847,0
0.021259,-0.033993,0.026891,-0.027218,0.014887,-0.019161,-0.026494,-0.010976,-0.006245,0
-0.039787,-0.046797,0.011109,-0.026512,0.038556,-0.009815,-0.002432,0.048174,-0.042677,0
-0.035067,0.002255,0.013071,-0.015444,-0.002348,-0.000994,0.010383,-0.011906,0.033545,1
0.049677,-0.015222,0.0185,0.012985,0.039853,0.026082,-0.042878,-0.010254,-0.029849,0
-0.024349,-0.010189,-0.002672,-0.013368,-0.021315,-0.000459,-0.038644,-0.023298,-0.070679,0
-0.010489,-0.008732,0.032734,-0.03829,0.004723,-0.007955,-0.008382,-0.030694,-0.004076,0
-0.001503,0.036758,0.008846,0.038451,-0.022725,0.032539,-0.031675,-0.004938,0.013231,0
0.002487,-0.018346,-0.039864,0.034447,-0.03616,-0.028875,0.016333,-0.024489,-0.02157,0
-0.027313,0.006676,0.03,0.040235,-0.005753,0.007331,-0.032065,0.020114,0.027007,0
-0.026768,-0.005878,0.026035,0.009621,-0.032722,-0.038517,-0.041441,0.01248,0.017693,0
-0.013482,-0.032332,0.006498,0.009437,-0.032147,-0.030013,-0.052336,0.019821,0.058357,0
-0.013402,-0.040009,0.017062,-0.03028,-0.000587,-0.019206,0.017395,-0.010268,-0.007906,0
-0.017174,0.033262,-0.009785,-0.020251,0.022224,0.010484,-0.017342,0.021324,0.003055,1
-0.053763,-0.010704,-0.027305,-0.047739,0.010127,-0.007797,-0.004617,0.021942,-0.030031,0
-0.029827,-0.0084,0.009102,-0.021217,0.035849,0.002036,0.008424,0.02387,0.000482,0
0.013108,-0.030113,-0.000667,-0.009331,-0.013409,0.058766,-0.020606,-0.027952,-0.111265,0
0.026565,-0.057362,0.047062,-0.0352,0.060927,-0.044874,0.004025,0.000972,0.007817,0
0.032222,0.032674,0.065847,-0.007179,-0.002996,-0.020855,0.001583,-0.06822,-0.0105,0
-0.061164,-0.074516,-0.031885,0.019063,-0.051633,0.045507,-0.012568,-0.04589,-0.02829,0
-0.019954,0.02895,-0.006785,0.019552,0.001855,-0.00376,-0.014534,-0.002161,-0.011321,0
-0.080905,-0.010127,-0.06181,-0.024038,-0.055979,-0.048872,-0.019608,0.010563,-0.001141,0
-0.006947,-0.026767,0.002498,0.041843,-0.00341,0.012687,-0.014364,-0.00932,0.035939,0
-0.035356,0.048067,0.000632,-0.041986,0.006473,0.008342,0.032233,-0.00524,-0.014988,1
-0.004015,-0.011376,0.000886,0.019866,-0.017983,-0.033621,-0.045446,0.010053,-0.02579,0
0.043058,0.054622,-0.0202,0.084769,-0.0008,0.036903,0.051361,-0.019051,-0.026414,0
-0.051083,0.012399,0.025453,-0.010912,-0.026338,-0.024307,0.041433,-0.016209,-0.030173,1
0.018348,-0.019598,-0.003621,0.051742,-0.007307,0.008233,0.011031,0.004362,0.034404,0
0.017842,-0.002531,-0.009985,-0.004504,-0.001678,0.021048,0.036164,-0.005177,-0.013152,0
-0.018154,0.033494,-0.016486,-0.012289,-0.013177,0.023912,0.014341,-0.005947,0.02302,1
0.023302,-0.021886,-0.007749,0.010274,-0.000499,-0.041858,-0.007666,-0.031097,0.034003,0
0.050606,-0.058733,0.02321,-0.023682,0.01783,-0.041241,-0.050414,-0.033286,-0.027807,0
-0.008818,-0.037704,-0.014348,-0.016618,0.012148,0.054138,-0.017318,-0.020943,0.036389,0
0.029097,0.015065,-0.040914,-0.012755,-0.057301,-0.016089,-0.015536,-0.000247,0.004035,0
0.011397,0.014174,0.030546,0.035687,-0.02281,-0.007594,0.038658,-0.036644,-0.044287,0
0.014008,-0.011181,0.005377,-0.0325,0.072492,0.002469,-0.022352,0.040246,0.015588,0
-0.027136,-0.009493,0.014539,0.053854,-0.004749,0.000847,0.004921,0.012679,-0.000726,0
-0.019036,-0.09407,0.010704,0.022008,-0.026377,-0.019761,0.004159,-0.026447,0.024305,0
-0.004871,-0.015889,-0.001975,-0.015079,0.008235,0.010886,0.017383,-0.039582,0.058587,1
0.00556,0.016067,0.001907,0.013106,-0.015786,-0.009296,-0.053583,-0.042865,0.031934,0
-0.021634,-0.028983,0.02301,-0.059861,0.028864,-0.035792,0.007565,0.009714,0.002404,0
0.024494,-0.038305,-0.017823,-0.005119,0.048077,-0.025406,-0.008305,0.029431,-0.064304,0
-0.015951,-0.008342,-0.008658,-0.065399,0.018512,0.02158,-0.008637,0.00498,0.004607,0
-0.029912,0.025263,0.000995,-0.016856,0.010877,-0.018522,0.016072,0.029924,-0.03869,0
-0.005655,0.003213,0.0197,0.027365,-0.03123,0.008818,-0.00538,-0.015995,-0.007294,0
-0.00922,0.029922,-0.005021,-0.033552,0.014828,-0.042407,-0.017126,-0.023257,-0.016246,0
0.033722,-0.000639,-0.010916,0.015554,0.056155,0.01859,-0.027446,0.043566,-0.042032,0
0.047657,0.029532,0.003171,0.042791,0.057739,0.006037,-0.051765,0.032433,-0.022038,0
0.070925,0.02761,0.003752,-0.007651,0.022746,-0.061471,0.025132,0.003232,-0.041844,0
-0.050668,0.029915,0.011061,0.020759,-0.030524,0.032644,-0.048852,-0.023621,-0.024879,1
0.052928,0.029873,0.011602,-0.006829,0.024267,-0.021662,0.014981,-0.004142,-0.047341,0
-0.039352,0.044804,-0.017754,0.012599,0.003055,0.02857,0.008303,-0.003681,0.016818,1
-0.014931,-0.007446,-0.004983,-0.001675,0.018605,0.006761,-0.044836,-0.003264,-0.028164,0
-0.023081,-0.069488,0.010547,0.052304,-0.00627,-0.008944,0.044012,-0.019579,-0.013626,1
-0.008833,-0.016362,-0.016251,-0.001687,-0.033047,0.067504,-0.012321,-0.032815,-0.003511,0
-0.022114,0.015129,0.010528,-0.040365,-0.011951,0.027286,-0.011478,-0.000689,-0.021542,0
-0.016357,0.000069,0.014881,0.021749,-0.01466,0.016873,-0.046616,-0.03073,0.025979,0
-0.018862,-0.007867,0.024101,0.038067,-0.017701,-0.003712,0.001152,-0.00162,-0.00511,0
-0.009401,0.004235,0.020016,0.047821,-0.00554,-0.014813,0.005274,0.019039,0.006658,0
0.005542,-0.012071,0.038213,-0.022942,-0.037099,-0.000342,-0.006812,0.047491,0.026915,0
-0.042767,-0.031627,-0.020902,0.000771,-0.003493,0.011192,0.008564,-0.017182,-0.029879,0
-0.046898,-0.009604,-0.002053,-0.038,-0.002539,0.040723,-0.002015,-0.018048,-0.040123,0
-0.007239,-0.000643,0.014051,-0.015091,-0.020353,-0.010357,-0.00899,-0.007816,-0.005493,0
0.010006,0.015238,0.031024,0.047947,0.002359,-0.021342,0.002895,-0.010807,0.012109,0
-0.020326,0.035571,-0.004403,-0.013483,-0.028338,-0.038158,0.019016,-0.004335,0.004213,1
0.030734,0.022699,-0.042221,-0.01545,-0.0009,-0.006671,0.019753,0.001638,0.071324,1
-0.049074,-0.008793,0.004332,0.034359,0.019581,0.01576,-0.012087,0.01375,0.003723,0
-0.016603,0.021478,-0.020509,0.051432,-0.016063,-0.022181,-0.002114,-0.003681,-0.021321,0
-0.044884,-0.054488,-0.010538,-0.038224,0.041068,0.023056,-0.003288,0.050161,-0.041473,0
0.008661,0.001963,-0.004258,0.035203,-0.03037,0.022524,0.012062,-0.063639,-0.02884,0
-0.005001,-0.011753,-0.003284,-0.000368,-0.000005,-0.013806,-0.001801,0.002702,0.011101,0
-0.005084,0.057097,0.00567,-0.001429,0.006837,-0.001315,0.005349,-0.022826,0.034075,1
0.056609,0.005555,0.075204,0.003623,-0.105775,0.076295,0.063953,0.159429,0.022084,0
0.007233,0.043266,-0.001736,-0.022364,-0.004679,0.032101,0.01098,-0.02156,-0.03608,0
-0.016252,0.000135,-0.0389,0.008609,0.002745,0.006969,-0.027959,0.012648,0.024423,0
0.017891,-0.013123,-0.090434,-0.030944,0.007185,-0.001132,-0.020038,0.004875,0.040489,0
-0.016836,0.027554,-0.018713,-0.011668,-0.010471,0.030569,0.017101,-0.004472,0.027517,1
-0.017161,-0.019636,0.025236,0.018208,-0.032175,0.002486,-0.020572,-0.010582,0.010861,0
0.02435,-0.02831,0.02314,-0.016393,0.041088,-0.052967,-0.016353,0.013729,0.004327,0
0.038621,0.009494,-0.032185,0.078475,-0.028664,0.010874,0.072394,-0.021966,-0.042435,0
-0.002263,0.017651,0.016613,0.021632,0.032597,-0.020781,0.006761,0.018799,0.015081,1
0.067221,-0.079182,0.105837,-0.08371,-0.170235,0.064431,0.022638,0.174844,0.083367,0
0.005049,-0.013812,-0.001554,-0.005798,0.02574,0.009229,0.037091,0.023891,-0.071818,0
-0.03463,0.040732,-0.030035,0.02855,0.015458,0.022446,0.030225,0.033728,0.02461,1
0.041895,-0.037425,0.005203,-0.027715,-0.029982,0.041041,-0.066669,-0.017773,0.032638,0
-0.005434,0.032756,0.002296,0.055505,0.010776,0.029107,-0.071729,0.000922,-0.005522,0
-0.022421,0.038277,-0.01279,-0.00554,-0.006122,-0.082433,-0.013248,0.032472,-0.023164,1
0.00406,0.00904,-0.049856,0.019673,-0.018424,0.002044,-0.002921,0.008468,0.002075,0
-0.011045,-0.033967,-0.063193,-0.009912,-0.032939,0.083998,0.092145,-0.055838,-0.110391,0
-0.015712,0.013523,0.007796,0.049666,-0.001925,-0.008664,-0.002755,0.042655,0.013931,0
-0.022825,0.014923,-0.005508,-0.051142,0.046687,0.046974,-0.024712,0.045862,0.034993,0
-0.024574,-0.012422,0.020183,-0.043863,-0.009207,0.009813,-0.011752,-0.010587,-0.010634,0
0.018345,0.049688,-0.006329,0.002891,0.020904,0.077878,-0.064006,-0.031351,0.059793,0
0.023512,-0.070463,0.054156,-0.01674,0.025819,-0.002895,0.064191,-0.048572,0.080952,1
0.033081,-0.027769,-0.06309,-0.040529,-0.02027,-0.023697,-0.038519,-0.015876,0.058639,0
-0.046562,0.051107,0.035304,-0.022636,0.002597,-0.040587,0.007686,-0.007724,-0.002772,1
-0.028137,-0.020937,0.011587,0.033707,-0.033982,0.024532,-0.003959,-0.004132,-0.008893,0
0.064383,-0.026384,-0.070423,0.025964,-0.015887,-0.018254,0.024241,-0.033601,0.033527,1
0.000548,0.008988,-0.029018,0.007295,-0.036226,0.019744,-0.043019,-0.041855,0.010461,0
-0.026572,0.014692,-0.023112,-0.015536,-0.000671,0.009311,0.029605,-0.00434,0.015977,1
-0.003946,-0.016747,0.044473,-0.017566,-0.002485,-0.039839,0.044932,-0.029754,0.031802,0
0.00872,0.008186,0.010171,-0.023885,-0.002293,0.027405,0.016328,-0.032222,-0.02117,0
0.015008,-0.050558,-0.009611,-0.047312,0.046527,-0.014183,0.048753,-0.00238,0.01333,0
-0.013351,-0.04048,0.029451,0.00167,-0.003637,-0.014993,-0.007524,-0.019509,0.019709,1
0.001639,-0.029091,-0.016373,0.002425,0.038825,-0.018759,0.04556,0.026798,0.008466,0
0.032484,0.014279,-0.034981,0.006543,-0.022269,-0.061747,-0.052107,0.028874,0.071799,0
0.032963,0.039276,0.02328,-0.01001,-0.00626,0.01433,-0.033953,-0.05514,-0.054691,0
-0.019541,-0.020407,-0.002686,-0.038567,0.046028,-0.011214,0.016812,0.007827,0.001368,0
-0.092132,-0.01339,-0.016827,-0.002943,-0.026964,0.015152,0.006649,0.01582,-0.004342,0
0.03089,-0.073189,0.059603,0.036055,0.022239,-0.009361,0.025993,-0.061781,0.053023,0
-0.008418,-0.045523,0.035292,-0.005804,0.010659,-0.026609,0.058854,-0.032471,0.039593,1
0.049897,-0.015048,-0.081535,-0.000912,-0.022672,-0.061237,0.048168,-0.020355,0.059128,1
-0.04798,-0.006379,0.0423,-0.020136,0.003211,-0.047837,0.043872,0.012032,0.004709,0
-0.027023,-0.028715,0.016561,-0.035563,-0.002024,0.035342,-0.037024,-0.015814,-0.05068,0
-0.007928,0.033091,-0.021007,0.039333,0.004811,-0.000655,0.026973,0.029219,-0.026424,0
0.009014,0.047714,0.018035,-0.044684,0.020903,-0.007392,-0.012834,0.023968,0.01015,0
0.017799,0.049293,0.027156,-0.045446,-0.005444,-0.001727,-0.020109,-0.035885,-0.010951,0
0.007936,0.009975,-0.030038,-0.030978,-0.032397,-0.008004,-0.021789,0.003241,0.005328,0
-0.001091,0.00629,-0.019129,-0.017015,-0.01402,0.033031,0.034596,-0.008609,0.033474,1
0.001786,0.005322,0.026473,0.06416,0.01028,0.004377,0.02328,-0.009483,0.000382,0
0.058354,-0.025957,-0.067529,-0.05974,0.011065,0.017335,-0.032118,0.000698,0.017564,0
0.080214,0.037611,0.041601,0.044313,0.008993,0.091722,0.04318,-0.073611,0.011074,0
0.002171,-0.002041,-0.037689,0.059914,-0.059993,0.031477,0.058442,-0.011168,-0.067761,0
-0.003764,0.010309,0.017029,0.044449,-0.014893,-0.010535,0.004732,0.015991,0.002313,0
0.041744,-0.019575,0.013195,-0.016176,0.000927,-0.00266,0.019206,-0.061628,-0.065463,0
0.000173,0.016535,0.03031,0.056102,0.009352,-0.033392,0.005451,0.003739,0.00962,0
-0.017254,-0.064594,0.004858,0.01736,-0.020516,0.000132,-0.012284,-0.013425,0.032075,0
-0.036995,0.017632,0.017764,-0.04759,0.008449,0.006593,0.076944,-0.022077,0.030559,1
0.002084,-0.029662,0.065785,0.022096,0.008533,0.008616,0.003183,-0.044043,0.022578,1
0.013664,0.038439,-0.008305,-0.026414,-0.02608,-0.005158,0.012691,-0.037718,-0.050378,0
0.017811,0.001086,0.032495,0.036078,0.010852,0.053156,-0.024449,-0.021577,0.058369,0
-0.028477,0.020327,-0.018089,0.014425,0.021145,0.003276,0.028989,0.002851,0.03074,1
0.000173,0.016535,0.03031,0.056102,0.009352,-0.033392,0.005451,0.003739,0.00962,0
0.012156,0.014591,0.018653,0.042824,0.010298,0.014329,-0.013353,0.001484,0.039744,1
-0.041372,-0.029829,0.013239,-0.02317,0.030709,-0.000777,-0.013837,0.043496,-0.047261,0
0.00008,-0.02366,0.014529,-0.034965,0.009903,0.000936,-0.000455,0.004133,-0.05433,0
0.002194,0.02218,0.009343,0.010116,0.025194,-0.008016,0.015147,0.000272,-0.0047,1
0.023479,0.046934,-0.010599,-0.03665,-0.009561,-0.046978,-0.041949,-0.011057,0.018758,0
-0.01497,0.071782,-0.026485,-0.002981,0.024214,0.076466,0.011563,-0.001966,0.030015,1
-0.002245,0.029745,0.011133,-0.009612,-0.004302,0.001577,0.048947,-0.012172,0.009153,1
0.039184,-0.019519,-0.04255,0.056247,0.04192,0.010619,-0.00643,0.049899,-0.045708,0
-0.002559,0.01051,-0.031177,-0.00665,0.017071,0.01926,-0.0382,0.012519,0.045836,0
0.009577,-0.007512,0.008993,-0.031928,0.066394,-0.00593,-0.02963,0.039601,0.013018,0
-0.054587,0.034054,-0.011253,-0.030329,-0.045773,0.025077,-0.021947,-0.020257,0.000828,1
-0.005976,0.02754,-0.046876,-0.024198,0.045471,0.002642,0.055214,0.058821,0.044126,1
0.003403,-0.02918,-0.084249,-0.058998,0.032502,0.005051,0.027704,-0.001446,-0.004333,1
0.127596,-0.085327,0.032821,-0.084653,-0.205889,0.066238,0.006031,0.204924,-0.008965,0
-0.019352,-0.021219,-0.032753,-0.055712,-0.027857,0.001629,0.000621,0.007314,-0.022767,0
-0.064899,0.025055,-0.001633,-0.022486,0.01813,0.010864,0.020638,0.014194,0.000948,1
-0.025168,0.023569,0.037417,-0.008009,0.003686,-0.000233,0.027215,-0.024905,0.01485,1
-0.011375,-0.044371,-0.065723,-0.029711,-0.046929,0.011331,0.024354,-0.031453,0.031082,1
0.06447,-0.013253,0.04495,-0.056165,0.043791,0.001878,-0.001102,-0.043272,-0.006108,0
0.01561,0.012365,-0.079151,-0.007827,0.001213,-0.068473,-0.00591,0.059026,0.027958,0
-0.037407,-0.044795,-0.004042,0.03807,-0.018301,-0.020413,-0.004026,0.009342,0.005471,0
-0.030079,-0.010309,0.030163,0.012637,-0.032027,-0.047894,-0.039079,0.010339,0.014796,0
0.01079,-0.030691,0.040156,0.063397,0.014792,-0.047859,0.049821,-0.015904,0.000883,0
-0.03718,0.015058,-0.012881,0.007956,0.015771,0.002818,0.020334,0.00108,0.030416,1
0.041623,-0.045023,-0.09257,-0.060161,-0.041829,-0.05383,-0.055983,-0.027872,-0.008101,0
-0.014009,0.036869,-0.077917,-0.048513,-0.029463,-0.022324,0.016008,0.010289,0.004045,1
-0.023672,0.032376,-0.00891,-0.002911,-0.00412,0.024342,0.027332,-0.010705,0.011219,1
-0.031509,0.009213,-0.019681,0.028941,-0.046541,0.008674,-0.032731,0.021941,-0.003479,0
0.020513,-0.007679,0.005749,0.03116,0.016351,-0.024455,-0.008655,-0.029149,0.039733,1
-0.001714,0.040262,0.007484,-0.040283,0.017343,0.007024,-0.029915,0.001585,0.012061,0
0.047509,0.020762,-0.000901,0.057356,0.004286,0.011562,0.019726,-0.010887,0.028733,0
0.038829,-0.038046,0.010914,0.001071,0.014595,0.016609,0.011236,-0.02202,-0.021723,0
-0.013353,-0.017758,-0.017847,-0.02304,0.003616,0.035747,-0.043812,0.014131,-0.024678,0
-0.004052,-0.01392,0.018156,0.000935,-0.003564,0.003642,-0.001656,-0.032469,0.001381,0
-0.038911,-0.010262,-0.036121,0.039971,-0.051296,0.03416,-0.014774,0.002174,-0.023008,0
0.000095,0.033016,-0.001914,0.054169,-0.003614,-0.048263,0.007832,0.007069,-0.012623,1
-0.006013,-0.015842,0.02463,-0.011038,-0.001934,0.013955,0.001126,-0.008963,0.007381,0
-0.052714,0.014262,-0.016075,0.036689,-0.023873,0.007983,-0.056492,0.009078,0.004807,0
-0.026139,0.050775,-0.010991,-0.031061,0.023109,0.004545,0.031986,0.001679,0.003265,1
-0.01197,0.057032,-0.028528,0.027973,0.024907,-0.006588,0.01716,0.023886,0.045767,1
-0.01719,0.008633,-0.007155,0.057246,-0.022213,0.01253,0.012383,0.000539,-0.023642,0
0.077022,0.043478,0.106567,-0.072223,-0.122225,0.008366,0.02064,0.091895,0.006117,0
0.019005,0.031852,0.050222,0.011708,-0.009435,-0.015066,-0.030041,-0.048079,0.016619,0
0.038528,0.011263,-0.090992,0.003855,-0.018736,0.029739,0.038029,-0.024978,-0.026475,1
-0.040032,-0.02759,-0.035157,0.010248,-0.077012,-0.017605,-0.031343,0.009483,-0.017186,0
-0.042171,-0.01399,-0.011114,0.001729,0.006411,-0.012099,0.033679,0.019876,0.031378,1
-0.012515,0.027435,-0.016132,0.021436,0.02442,-0.010377,0.03935,0.032303,-0.0327,1
-0.015283,0.042348,0.002874,0.031189,0.014212,0.061409,0.013632,0.033736,-0.013236,0
0.020996,0.02957,0.006358,0.012329,0.00883,0.03925,-0.02085,-0.01431,-0.04372,0
0.103007,-0.050842,0.011521,0.017625,0.01389,-0.005017,0.091765,-0.022032,-0.03294,0
-0.011558,0.052962,0.007508,-0.003296,-0.006805,0.0395,0.032538,-0.031329,-0.002052,1
-0.001718,-0.008058,-0.059728,-0.0034,-0.02313,-0.027545,0.033392,-0.035631,0.020982,1
-0.013722,0.038276,0.009469,0.067971,0.0053,-0.020275,-0.005841,0.029207,0.00454,0
-0.006244,-0.019659,0.013884,0.028913,-0.009465,0.013547,-0.024235,-0.007367,0.038318,0
-0.020417,-0.015794,0.020922,-0.054207,-0.008768,0.001187,-0.026167,-0.02143,0.002214,0
-0.013297,-0.048766,-0.011935,0.004534,-0.045202,-0.027777,-0.044199,0.016855,0.050615,0
-0.009098,0.012423,0.002848,0.023611,0.024857,-0.007417,0.005145,0.002725,0.00377,1
0.010854,-0.047324,-0.028342,-0.008152,-0.034384,-0.002996,-0.035673,-0.012123,-0.022564,0
0.011198,-0.035272,0.06152,0.01583,-0.004941,0.009443,-0.003998,-0.041438,0.03424,0
0.044884,0.064764,-0.029684,0.001137,0.013769,0.016211,0.007014,-0.010684,0.0795,1
-0.02608,-0.006523,0.00408,0.008073,-0.049768,-0.033025,-0.022506,-0.047164,-0.033691,0
0.028524,-0.02956,-0.017351,0.040569,0.018552,0.017183,0.046921,-0.016058,0.015932,1
0.00752,-0.014322,-0.028257,0.015757,0.016224,0.007465,0.061222,-0.016661,0.042571,1
-0.026138,0.028876,0.009133,0.054571,0.009948,0.026387,-0.037433,0.018204,0.028882,0
-0.006122,-0.004259,-0.019902,0.002308,0.031025,0.011981,0.034054,0.049282,-0.072082,0
0.025874,-0.046752,-0.039716,0.008938,0.00313,-0.008879,-0.061207,0.023981,-0.027789,0
0.011159,-0.039773,-0.021549,-0.049556,0.028527,0.03478,-0.025288,0.013201,-0.001643,0
0.014033,-0.039569,0.0736,0.016942,-0.003445,0.012054,0.000397,-0.047481,0.035137,0
-0.0558,0.013915,-0.014805,-0.057506,-0.017191,-0.020442,0.060783,-0.004859,0.018568,1
-0.015344,0.000453,0.004764,-0.044355,-0.045294,-0.000965,-0.038299,-0.01638,-0.006366,0
-0.018756,0.004297,-0.012298,-0.00468,-0.036007,-0.049309,-0.034004,0.040438,0.013319,0
-0.042863,0.022441,-0.013759,0.007504,0.00477,0.018195,0.017193,0.014291,0.025117,1
0.02244,0.033389,0.013656,-0.023045,0.000871,0.023523,0.020147,-0.035342,-0.027453,0
-0.002475,-0.018213,0.055262,-0.020337,0.007276,0.002946,-0.032631,-0.036739,0.03825,0
0.035929,-0.019446,-0.003415,0.025348,-0.006344,0.042646,-0.037745,-0.013374,0.011304,0
0.079468,0.026539,0.063963,0.015271,-0.095838,0.038353,0.087909,0.099193,-0.014923,0
0.044821,-0.019346,-0.039703,-0.031463,-0.018728,-0.034422,-0.037304,-0.057552,-0.02698,0
0.016114,0.052251,-0.029189,-0.011766,0.023722,-0.006282,-0.004334,0.001162,-0.000214,1
-0.033287,0.010966,0.018633,0.021058,-0.038232,0.047621,-0.034125,-0.000073,-0.003946,1
-0.01782,-0.018463,-0.007086,-0.008607,-0.01587,-0.013137,-0.032289,0.014157,0.028306,0
0.008306,-0.033701,0.030393,-0.057612,0.062751,-0.019749,0.048454,-0.004678,0.005478,0
-0.032846,-0.028772,0.020927,0.005461,0.01339,-0.014901,0.04887,-0.012866,0.028042,1
0.011142,0.038797,0.041425,0.026845,-0.004135,-0.024104,-0.028997,0.019143,0.035118,0
0.009737,-0.02379,0.005655,0.02367,-0.032682,0.015223,0.022681,-0.044513,-0.017893,0
0.012041,0.016907,0.001122,-0.006538,0.012293,0.041588,-0.055118,0.010977,-0.003251,0
-0.037378,-0.038772,0.004806,-0.02917,-0.014914,0.07503,-0.008805,-0.029387,-0.01193,0
-0.035481,0.033304,-0.028737,-0.033702,-0.032892,-0.030266,0.019606,-0.027589,-0.026078,1
0.010147,0.005297,-0.001004,-0.025897,-0.019063,0.038954,0.027418,-0.03234,-0.037372,0
-0.02988,-0.008737,0.005099,-0.043652,-0.012102,0.015532,-0.035354,-0.014534,0.001306,0
-0.026892,-0.012231,0.008781,0.031141,-0.012591,0.009505,-0.03063,-0.019124,0.014741,0
-0.0038,0.005886,0.010525,0.013724,-0.037517,-0.063781,-0.012309,-0.013705,-0.012781,0
-0.006591,0.021149,-0.012073,0.017061,0.022151,-0.003865,0.001746,0.0191,0.00673,0
0.014475,0.02798,-0.004193,0.05924,-0.046263,0.045572,0.044751,0.026831,-0.03545,0
0.047403,-0.070189,0.036973,-0.013468,0.027985,-0.006416,0.074904,-0.057547,0.087984,1
0.076562,0.043786,0.054798,0.00789,-0.099789,0.034436,0.067023,0.075103,-0.022123,0
-0.037914,0.015001,0.025328,-0.01943,0.006638,-0.045434,0.027987,0.002001,0.012387,1
-0.017817,0.014668,-0.012258,0.001931,-0.012468,-0.008717,-0.026871,-0.006902,-0.001981,0
0.007596,-0.001093,0.014838,-0.037038,0.013752,0.009382,-0.013249,0.00477,-0.046475,0
0.001159,0.043653,-0.038939,-0.009199,0.021116,0.038719,0.032533,0.006966,0.037599,1
0.032455,-0.013888,-0.008724,0.010896,-0.016276,-0.030323,-0.025085,-0.009249,-0.020564,0
0.011097,0.035929,-0.028702,-0.00158,0.014511,0.003665,-0.025715,0.005468,0.026398,1
0.02792,-0.009742,-0.014863,-0.020712,-0.036263,0.003343,0.022199,-0.014756,-0.011657,0
0.060921,0.029745,-0.019202,-0.000657,0.020101,0.005545,-0.013798,-0.030852,0.053002,1
0.026517,0.043779,-0.034735,0.039371,-0.006305,-0.008394,-0.051768,0.015264,0.061683,0
-0.031863,-0.008339,0.010892,0.032427,-0.011365,-0.006601,-0.016797,0.001955,0.002518,0
-0.010791,0.002876,-0.008508,-0.003577,0.03955,-0.016161,0.038228,0.032523,-0.012725,0
0.025472,0.044787,-0.054287,0.043899,-0.0306,-0.087142,-0.031721,0.011056,0.019444,0
-0.022064,-0.014344,0.018577,-0.04471,-0.009332,0.008953,-0.010562,-0.011808,-0.009312,0
-0.032086,-0.00363,-0.041975,0.005532,-0.025463,0.049107,0.000376,0.013882,-0.025098,0
0.017865,0.027989,-0.015507,0.002462,-0.01111,0.010479,-0.007192,-0.025847,-0.002471,1
0.015737,0.010687,-0.015713,-0.009052,0.023585,-0.004024,0.008662,0.016828,0.020559,0
-0.000447,-0.000913,0.042998,-0.0357,0.000485,-0.057003,0.023468,-0.010461,-0.027381,0
-0.002378,-0.001883,-0.030756,-0.008675,0.03442,-0.019536,0.024613,0.027375,0.002888,1
-0.017607,0.004102,0.020353,0.036218,-0.020626,-0.028617,0.017938,0.018742,-0.023786,0
-0.037146,-0.059434,-0.01789,-0.033352,-0.039472,0.047408,-0.018959,-0.0471,-0.013564,0
-0.000006,0.018319,-0.002982,0.005487,-0.049504,0.062877,-0.062114,-0.032809,0.026291,0
-0.007692,0.005616,-0.055406,-0.035412,0.015695,-0.011584,-0.0174,0.053524,0.028625,0
-0.015213,0.060182,0.004764,-0.011148,0.001979,-0.009737,-0.005854,0.007334,-0.036357,1
-0.028739,-0.042028,0.010695,0.034009,0.039441,-0.076168,0.050426,0.036026,-0.007625,0
-0.005442,-0.023822,-0.006995,-0.003168,0.027138,0.035553,-0.006117,0.01015,0.041486,0
-0.035142,-0.009818,-0.007849,0.042961,-0.038059,-0.052947,-0.004185,0.021165,-0.020547,0
-0.000381,-0.087866,0.041523,0.046968,0.017424,0.041637,0.032287,-0.030406,0.04288,1
0.044188,-0.067186,-0.021008,-0.014728,-0.051067,0.077762,-0.057825,-0.002283,0.043822,0
0.013868,0.047672,0.021505,0.043043,0.007344,0.009085,-0.020752,-0.029246,0.014436,1
0.001101,0.022631,0.015461,-0.022701,-0.001783,0.020893,0.002027,-0.033007,-0.022852,0
-0.042056,-0.004525,-0.037805,0.037197,-0.055641,-0.045312,-0.02128,0.032362,-0.0208,0
-0.039352,0.044804,-0.017754,0.012599,0.003055,0.02857,0.008303,-0.003681,0.016818,1
0.040429,0.013561,0.029435,-0.03085,0.032327,-0.031398,-0.030123,-0.006929,-0.006181,0
0.010949,-0.002694,0.001094,-0.045689,0.047155,0.014717,0.018444,0.003795,0.016637,0
0.022837,0.01808,0.05993,0.019937,-0.006462,-0.066489,-0.008053,-0.015713,0.019626,0
-0.019957,0.033832,-0.034151,0.014557,0.011796,0.005993,0.010304,0.014345,0.047151,1
-0.024144,0.031098,-0.01626,-0.010566,0.000836,0.018237,0.012329,0.005313,0.032024,1
0.00859,-0.048761,-0.020193,-0.027011,0.058453,0.069046,-0.033614,0.000429,0.026443,0
0.004148,0.012681,-0.01608,0.007127,0.03082,0.038094,-0.033654,0.027843,-0.012392,0
-0.030193,0.002845,0.012167,0.053102,-0.028308,0.045256,0.011551,0.002708,-0.029013,0
-0.016672,0.039725,0.009099,-0.049656,0.00465,-0.022619,0.009162,-0.026859,0.016383,1
0.009829,-0.013267,0.027253,-0.010775,0.016429,-0.018856,-0.033392,-0.029514,-0.02577,0
0.001748,0.000486,-0.028519,-0.047172,0.061094,0.042725,0.010841,0.003017,0.019191,1
0.005466,-0.031236,-0.008699,-0.010465,0.026249,0.002235,-0.043189,0.018102,-0.064476,0
0.041837,-0.017011,0.004681,-0.004297,-0.002988,-0.005688,0.007132,-0.041646,-0.047752,0
0.072901,-0.044543,-0.055986,0.038337,-0.00883,-0.039613,0.017404,-0.014738,0.071958,0
-0.025634,-0.010109,0.02221,-0.003085,-0.024474,-0.013283,-0.030351,-0.014454,0.002866,0
0.098405,0.004776,-0.083386,-0.030585,-0.034667,-0.019205,0.001742,-0.043657,-0.036124,0
-0.011249,0.020088,0.019918,0.055119,0.010032,0.022899,-0.013272,-0.001452,0.0173,0
-0.028347,-0.002275,0.013067,-0.003379,-0.010315,-0.043242,0.046005,0.021776,0.016257,1
-0.005629,-0.007441,-0.024206,-0.01068,0.023554,0.008602,-0.017316,0.01883,-0.03896,0
0.030151,-0.016854,-0.005053,0.015288,0.06771,0.021122,-0.033108,0.041976,-0.024274,0
0.000982,0.009147,-0.03131,-0.00748,0.001729,-0.015755,0.034349,0.021895,0.049872,1
-0.010499,0.022454,-0.015221,-0.053413,0.000086,-0.020769,-0.013024,-0.001339,-0.018207,1
0.010125,0.008763,-0.036005,-0.025627,0.031471,0.013513,-0.079988,0.027024,0.029387,0
-0.008491,-0.013869,-0.024117,-0.014263,0.002519,-0.054777,-0.041282,0.048991,0.058675,0
0.001658,-0.010388,0.024619,-0.030899,0.019322,0.014667,0.024341,-0.026167,-0.012462,0
0.022059,-0.031155,-0.001013,-0.000989,0.015437,0.01359,-0.019373,-0.015915,-0.08765,0
-0.015969,0.029368,0.034757,0.020056,-0.022796,-0.013978,-0.035076,-0.002589,0.00361,0
0.023312,0.004756,0.0257,-0.015013,0.037059,-0.045865,-0.026475,0.026809,-0.002454,0
0.043183,-0.01078,-0.005685,0.014142,0.031307,-0.023293,0.026959,0.00972,-0.031658,0
0.033334,0.011334,-0.032938,0.031513,0.000347,-0.012732,0.013146,0.021718,-0.048704,0
0.024212,0.004781,0.060274,-0.000695,-0.019824,-0.043576,-0.030482,-0.037184,0.033679,0
0.020816,0.023613,-0.028006,-0.045558,0.013405,0.114122,-0.03518,-0.040146,0.033915,1
0.067287,0.0724,-0.038656,0.025418,0.011115,0.086727,0.080069,-0.05878,-0.063259,1
0.012021,0.023578,-0.016655,-0.004392,-0.011716,-0.034201,-0.028375,-0.012078,0.01524,0
0.058101,-0.056769,0.031292,0.023626,0.063711,0.027104,-0.024914,-0.011716,-0.000053,0
-0.016759,-0.036759,-0.019829,-0.030869,0.00069,0.044464,0.007678,-0.004516,0.001191,1
0.038575,-0.016692,0.003494,0.000483,0.061557,-0.045746,-0.045358,0.051326,-0.012156,0
-0.0194,-0.012344,0.000366,0.045525,0.011399,0.030438,-0.032559,0.035074,-0.016781,0
0.025032,0.014677,0.00498,0.006152,0.056182,0.004057,-0.071485,0.049529,-0.015676,0
-0.039787,-0.046797,0.011109,-0.026512,0.038556,-0.009815,-0.002432,0.048174,-0.042677,0
-0.008477,0.000495,0.018291,-0.022687,0.011363,0.050509,0.003267,-0.019067,-0.004473,0
0.002181,-0.050655,0.014458,-0.015432,-0.00156,0.01822,0.017946,-0.030887,0.009532,1
-0.047922,0.017255,0.016085,-0.010642,-0.027133,0.006534,0.027462,-0.021829,-0.017504,1
0.033699,-0.019582,-0.020656,-0.07837,-0.002037,-0.031167,0.006969,-0.021789,0.012133,0
-0.019317,-0.021071,0.041818,-0.018832,-0.033077,-0.008321,-0.001588,0.053511,0.00971,0
-0.015028,-0.051504,0.01691,-0.008588,0.017307,-0.007557,0.041214,0.028403,0.003947,0
0.003626,-0.012434,0.018984,0.024574,0.05026,0.010265,-0.009657,0.046155,0.000386,0
-0.022212,-0.105074,-0.028696,0.014032,-0.018028,-0.029548,0.041392,-0.015772,-0.006323,1
-0.041372,-0.029829,0.013239,-0.02317,0.030709,-0.000777,-0.013837,0.043496,-0.047261,0
0.075401,0.036601,0.110453,-0.075647,-0.123032,0.012453,0.021287,0.09349,0.008538,0
-0.006647,-0.030179,-0.010687,-0.000459,0.036877,0.052527,-0.001685,0.011461,0.046786,0
0.007831,-0.08608,0.038694,0.041316,-0.004293,-0.009565,0.044411,-0.042563,0.016308,0
-0.061734,0.019065,-0.008361,-0.004402,-0.022794,-0.034785,0.010537,-0.012038,-0.013565,1
-0.007623,-0.023959,-0.023013,0.008332,0.012972,-0.008594,0.066185,0.003149,0.033945,0
0.014008,-0.011181,0.005377,-0.0325,0.072492,0.002469,-0.022352,0.040246,0.015588,0
-0.001559,0.019574,-0.028197,-0.030934,0.011931,-0.000918,-0.024799,0.008859,-0.059425,0
-0.014674,-0.011339,-0.024501,-0.0438,-0.017387,0.022846,0.000493,0.003244,-0.015958,0
0.011209,-0.011262,0.017322,-0.004995,-0.068763,0.016374,0.020477,0.058772,-0.002323,0
0.010061,0.029176,0.021229,0.053402,0.016995,-0.000229,-0.023126,0.027599,0.053207,0
-0.035551,0.028658,0.014726,0.005251,-0.008778,-0.004533,-0.024597,0.003995,-0.01882,0
0.000047,0.059164,-0.019942,0.033867,0.023439,0.044323,0.003903,0.001389,-0.012127,1
-0.047662,0.001116,-0.040202,-0.005339,0.0221,0.01842,-0.002976,0.027414,-0.015737,1
-0.012322,0.015907,-0.043226,-0.025154,0.024629,0.00292,0.010524,0.029067,-0.009888,0
-0.026764,0.007511,0.011055,0.014091,0.018268,-0.001998,0.029106,0.002501,0.040944,1
-0.007463,0.01907,0.006964,0.017893,0.036931,0.022594,0.023092,0.006572,0.070139,0
0.00951,-0.016841,-0.017442,0.01537,0.006353,0.014138,-0.023629,-0.005995,-0.024928,0
-0.036443,0.011917,0.011271,-0.012643,-0.010562,-0.046667,0.02991,-0.008327,0.001332,1
-0.012635,-0.003966,-0.009298,0.013939,-0.014862,0.013803,0.001283,0.01617,-0.000361,1
-0.006003,-0.043568,-0.025133,-0.015038,0.065644,0.013146,0.060236,0.034974,0.010425,1
-0.049225,0.025908,-0.009015,-0.006851,0.030849,-0.011279,0.047984,0.014176,-0.005483,1
-0.003132,-0.033192,0.045101,0.024588,0.000718,0.008581,-0.019411,-0.039248,0.038594,0
0.026778,0.006448,-0.004953,0.017331,-0.005851,0.001342,-0.006829,-0.018715,-0.050181,0
0.056368,-0.021036,0.021603,0.018923,-0.005943,0.006993,0.030665,-0.044365,0.027366,0
0.013307,0.020322,-0.008405,-0.057424,-0.007214,-0.003592,-0.021088,0.000563,0.011134,0
0.009384,0.000578,-0.011375,-0.035121,-0.027881,0.014882,0.024077,-0.052047,-0.049094,0
-0.000953,0.030306,-0.063093,-0.02358,-0.026483,-0.019883,0.031105,-0.018802,0.001804,1
0.013307,0.020322,-0.008405,-0.057424,-0.007214,-0.003592,-0.021088,0.000563,0.011134,0
0.047624,-0.033609,0.028546,-0.006407,0.074123,0.016542,0.01449,-0.011257,0.012995,0
0.012057,0.053179,0.019414,0.039173,0.009288,0.053374,-0.031455,0.002168,0.036262,0
0.007005,-0.059498,-0.036766,-0.032078,0.03179,0.009805,0.010674,0.0287,-0.02069,0
0.015932,-0.021469,-0.024356,-0.005468,0.015571,0.004319,-0.025494,0.017207,-0.006723,0
-0.02659,0.024869,-0.003304,0.030545,-0.020889,0.068104,-0.026843,-0.019626,-0.011579,0
0.037313,-0.017325,0.00761,0.037159,0.047065,0.002467,-0.033098,0.042407,-0.022951,0
0.013914,-0.033184,0.055519,-0.037444,0.011592,-0.030515,0.030213,-0.071205,0.060147,1
0.019205,-0.003476,-0.034708,-0.005225,0.025722,0.02478,0.071259,-0.02004,0.036433,1
-0.034264,-0.013769,0.029593,0.038984,0.000382,-0.000218,-0.026334,-0.01157,0.01688,1
-0.001288,0.031354,0.001113,-0.061512,0.051056,-0.00247,0.002822,0.011345,0.00004,0
0.026199,0.071219,0.088795,-0.048891,-0.043265,-0.095452,-0.087074,-0.097911,0.002824,0
-0.022808,0.02538,0.021333,0.067828,0.005738,0.003729,-0.002572,0.014033,-0.001516,0
0.036364,-0.025328,-0.061545,-0.041664,-0.022024,-0.026469,-0.039585,-0.01742,0.059378,0
-0.019684,-0.036641,0.001658,-0.004576,-0.057489,0.015299,-0.012644,-0.053096,-0.023675,0
-0.034328,0.008624,0.00101,-0.007921,-0.008331,-0.010165,0.023302,0.011225,0.023727,1
0.000406,-0.002759,-0.050418,-0.054823,0.003999,-0.016699,-0.006286,-0.015342,-0.0068,1
-0.007192,0.031474,0.020307,0.01871,0.020507,0.056623,-0.025218,0.033603,0.040131,0
-0.003807,0.012457,0.015946,-0.004518,0.00424,0.003074,0.020982,-0.030333,0.043879,0
-0.013908,0.038975,0.02108,0.018582,0.008359,0.048025,-0.021514,0.031347,0.018545,0
0.002349,-0.011129,0.002259,-0.022558,-0.013212,0.007328,0.034098,-0.03997,-0.042957,0
0.005927,0.048876,-0.043321,-0.00387,-0.002255,-0.031559,0.022815,-0.011705,0.024042,1
-0.036198,0.031083,-0.012202,-0.013338,-0.024903,-0.017063,0.009534,-0.004927,0.004323,1
-0.021315,0.022927,-0.002169,-0.025182,-0.019891,0.022832,-0.022662,-0.01673,-0.02346,1
-0.024991,-0.020874,0.015478,0.03138,-0.009137,0.003626,-0.008286,-0.020409,0.001366,0
-0.04379,-0.016513,0.05869,0.001179,0.007128,-0.063536,0.061864,-0.007797,-0.004213,1
0.036243,0.047527,-0.025286,0.044066,-0.010327,0.033863,0.058529,-0.025468,-0.051443,0
-0.040047,-0.068698,0.007011,-0.014936,0.00543,0.024684,-0.005567,0.029988,-0.04437,0
-0.017837,-0.016521,-0.024808,-0.013071,-0.047659,0.005591,-0.003844,-0.047643,-0.041339,0
0.051059,-0.015739,-0.00677,0.032274,0.047673,-0.000629,-0.035864,0.04794,-0.009071,0
-0.005475,-0.026956,0.03146,0.031041,0.000568,-0.034231,0.010478,-0.000466,0.015246,1
-0.019256,-0.01759,-0.002851,0.045994,0.028891,0.010054,0.033772,0.026605,0.002189,1
0.05009,0.015176,-0.050885,0.030234,-0.061157,0.002599,0.03097,0.029038,-0.08004,0
-0.014117,-0.025163,0.006826,0.064145,-0.007211,-0.064572,0.036321,0.030656,-0.008334,0
-0.03225,-0.019316,0.016077,-0.012675,-0.025652,0.01502,0.001614,-0.013792,-0.028898,0
-0.038995,-0.028053,-0.028289,0.035672,-0.059843,0.01806,0.005479,-0.021524,-0.046929,0
0.039971,0.017642,-0.015143,0.018353,0.059138,0.025843,-0.04009,0.039948,-0.03453,0
-0.009644,0.013564,0.025279,0.065631,-0.001379,0.006521,0.022206,0.015785,-0.00893,0
0.000976,-0.052085,0.042668,0.050133,0.006213,-0.006831,0.037693,-0.023274,0.011035,0
-0.025607,-0.07584,0.005542,0.031678,-0.017592,0.018984,0.000067,-0.000751,0.030565,1
0.002033,-0.011476,0.003766,-0.012549,-0.063586,0.04748,-0.089472,-0.009682,-0.006113,0
0.01854,-0.042612,-0.009552,0.015421,0.019593,0.013326,-0.002733,-0.032087,0.052438,1
-0.029062,0.022356,0.004168,0.019542,0.007368,-0.059026,-0.010337,0.025315,-0.009782,1
-0.051706,-0.013905,0.005749,0.013111,0.007807,-0.006907,0.015209,0.03188,-0.026577,0
0.019533,-0.041783,-0.018752,-0.016187,0.02993,-0.018545,0.031566,-0.012691,0.02188,1
-0.01839,-0.031404,-0.000084,-0.0245,0.022713,0.017286,-0.007076,0.012226,-0.048445,0
0.036627,-0.064788,-0.004751,-0.007968,-0.042055,0.070761,-0.056244,0.005743,0.043895,0
0.100608,0.045068,0.113558,-0.002903,-0.076095,-0.005813,0.082601,0.07565,-0.004725,0
-0.037091,0.017832,-0.00074,-0.019424,0.027579,-0.024951,-0.008476,0.015866,-0.015832,1
0.04574,-0.020553,-0.061385,-0.007858,-0.008724,-0.040085,-0.057555,-0.012588,0.019133,0
-0.003843,0.00443,-0.001156,0.061264,-0.000401,0.024323,0.013037,0.028689,0.0144,1
0.039971,0.017642,-0.015143,0.018353,0.059138,0.025843,-0.04009,0.039948,-0.03453,0
-0.005401,0.042175,0.01255,-0.002165,0.026261,0.077534,-0.037598,-0.006832,0.030509,0
-0.011523,-0.023712,0.030847,-0.008673,0.017344,-0.078159,0.031643,-0.012147,-0.021673,0
0.023979,-0.021991,0.006444,0.070962,0.024374,-0.016414,0.021619,0.034679,0.06056,0
0.006551,-0.003713,0.003857,-0.022012,0.006228,0.017391,-0.007974,-0.0315,0.010894,0
0.004005,0.001562,-0.017788,-0.010522,0.00791,-0.008179,0.013775,-0.029649,0.060901,1
0.01878,-0.007101,0.0139,0.026386,0.028806,-0.011103,-0.001441,0.048059,-0.00857,0
-0.048551,0.004528,0.039133,-0.013709,-0.034144,0.04736,-0.027816,0.02873,-0.011547,0
0.064926,0.025666,0.031921,-0.098269,0.050345,0.037004,0.039771,0.113229,-0.010236,1
-0.014476,-0.035536,0.031565,-0.01811,-0.022356,-0.036089,-0.01769,0.019775,-0.050511,0
-0.002175,0.044999,-0.016444,0.014503,0.026635,0.045357,-0.027539,-0.001479,0.021861,0
-0.030185,-0.00592,-0.021993,0.0098,0.01202,-0.00756,0.02742,0.000653,0.039248,1
-0.016631,-0.034474,0.038026,0.027118,0.013259,-0.063573,0.026436,0.016,0.004105,0
0.036535,-0.034828,-0.02427,0.001085,-0.008698,0.015088,-0.019447,-0.01151,-0.006472,0
-0.011359,0.039366,-0.051519,0.019973,-0.001115,0.011176,0.018005,0.010529,0.03624,1
-0.02471,-0.017784,-0.021126,-0.005296,-0.021676,0.007703,-0.022349,0.001984,0.005505,0
0.016957,-0.00527,-0.00419,-0.014861,0.028102,0.011292,0.018666,0.012787,0.023546,0
0.031771,-0.000606,-0.007468,0.022914,0.06407,-0.000111,-0.040036,0.037769,-0.029972,0
-0.001999,-0.047496,0.000342,-0.037182,0.00477,0.027235,-0.002834,0.015816,-0.036648,0
0.04835,0.039464,0.005744,0.030075,0.024426,0.003065,0.018657,-0.002738,-0.051054,0
-0.035142,-0.009818,-0.007849,0.042961,-0.038059,-0.052947,-0.004185,0.021165,-0.020547,0
-0.050974,-0.004454,0.011692,0.023473,-0.04243,0.020489,-0.022202,-0.010251,-0.030759,0
0.006393,-0.020903,0.011893,0.030241,-0.003473,0.012135,-0.007545,-0.019603,0.03215,0
-0.008202,0.031065,-0.033401,-0.000515,-0.019147,0.000022,-0.000746,-0.004196,-0.032633,1
0.038437,0.005855,-0.00202,-0.010399,0.053624,0.016932,-0.068048,0.023699,-0.016062,0
-0.018334,0.011808,-0.007845,-0.010975,0.021324,-0.047643,0.005795,0.009675,-0.015508,1
-0.008394,-0.026185,0.013887,0.036306,0.014859,0.01433,-0.009655,-0.014341,0.036478,0
-0.024838,0.003406,0.027704,-0.004375,0.00442,0.001726,0.025631,0.004596,0.041097,1
-0.047963,-0.008094,-0.007629,-0.013547,0.028161,-0.006327,0.007896,0.03893,-0.014032,0
-0.009229,-0.02749,-0.005944,-0.009281,0.020096,0.030097,-0.010225,-0.011256,0.030757,0
0.006916,0.018692,0.012446,-0.027799,-0.014247,0.000608,0.003332,-0.036012,-0.02671,0
-0.014787,0.012056,0.006786,-0.034724,-0.013739,0.023403,-0.004987,-0.034967,-0.033496,0
-0.048028,0.026183,0.013839,-0.04417,-0.031031,-0.00108,-0.034275,-0.042783,-0.05839,0
0.006352,-0.054184,-0.035957,0.002281,-0.007293,0.019118,-0.038308,-0.024607,-0.008765,0
-0.025944,0.024729,0.020982,0.034243,0.006112,0.042546,0.015299,0.012514,-0.025242,0
0.043144,0.006634,0.022417,0.037947,0.04572,-0.046875,-0.027564,0.012716,-0.052935,0
-0.009485,0.010763,0.026725,0.043147,-0.010574,-0.019928,0.00668,-0.00873,-0.013002,1
0.05502,0.003619,0.070828,0.007838,0.012581,-0.018816,0.000154,-0.053269,0.046339,1
-0.0346,0.00334,0.041847,0.014042,-0.020917,-0.017835,-0.04123,-0.017911,0.002547,0
-0.001333,0.015517,-0.024268,-0.027145,0.012007,-0.032535,0.047166,-0.028797,0.011156,1
-0.025281,-0.032718,0.030753,0.043969,-0.004752,-0.006286,0.006263,0.012219,0.012627,0
0.013261,0.003511,-0.001814,0.034064,-0.03281,0.026796,0.014437,-0.058083,-0.026467,0
0.021218,-0.022715,0.042143,-0.004859,-0.03017,-0.038784,0.006462,0.019527,-0.049775,0
-0.037444,0.011576,0.007604,0.026518,0.021585,-0.051411,0.000223,0.003267,-0.020681,0
0.005564,-0.046609,-0.025331,-0.03834,0.035908,-0.006352,-0.010288,0.021092,-0.012173,0
-0.000155,-0.004303,-0.019317,-0.012343,-0.014514,0.043206,0.034383,-0.02504,-0.041202,0
0.059815,-0.017205,-0.059988,-0.004581,-0.027569,-0.046725,-0.023525,0.079188,0.024867,0
0.026176,-0.047898,-0.01032,-0.006811,-0.016019,-0.025683,-0.009258,0.093261,0.016963,0
-0.017287,-0.017617,0.027242,-0.03204,0.021183,-0.024162,-0.019809,0.033056,-0.038328,0
0.003329,0.013363,0.002486,-0.030542,-0.00973,0.026781,0.014548,-0.028398,-0.031658,0
-0.018359,0.031746,-0.041219,-0.0278,-0.012159,-0.05501,0.028912,0.008397,0.003234,1
-0.007785,-0.001836,0.028102,0.046597,0.009183,-0.027015,0.005242,-0.002301,0.009739,0
0.012209,-0.012082,-0.050991,0.017596,-0.047123,0.062944,-0.038483,-0.02584,0.03445,0
0.006741,-0.023735,0.036641,-0.011144,0.032099,-0.018312,-0.012393,0.017661,-0.015329,0
-0.00232,0.02873,-0.001349,-0.011928,0.012183,0.014757,-0.026005,-0.012508,0.012312,0
-0.009845,-0.020955,0.036258,-0.007602,0.013211,-0.004359,0.046319,-0.031209,0.03889,1
0.016463,-0.01898,-0.027695,0.015421,0.035399,-0.000424,-0.046799,0.0608,-0.033943,0
0.000019,-0.016929,-0.035774,0.007367,-0.050659,0.059486,-0.027306,-0.036446,0.008772,0
-0.003731,0.047724,0.035296,-0.032185,0.004408,0.04464,-0.028069,-0.061766,0.057494,1
0.055853,0.011529,0.012884,0.012464,0.038133,-0.039914,0.012041,-0.014342,-0.025707,0
-0.016177,-0.012539,0.006071,0.021116,-0.004921,0.010783,0.002264,0.004088,0.003353,0
-0.048723,-0.000102,0.038451,0.016458,-0.044687,0.007943,-0.024963,0.006716,-0.022797,1
-0.022525,-0.030237,0.013971,0.039182,-0.012091,-0.056466,0.025535,0.041019,-0.004199,0
-0.007623,0.013399,0.033937,0.045146,-0.01232,-0.026022,0.020949,-0.014158,-0.029176,0
0.011249,-0.072163,-0.014743,0.022582,-0.045129,0.002448,0.004223,-0.050849,0.019077,0
0.045315,-0.044447,0.024303,-0.00473,-0.066933,0.009405,0.023616,0.083509,0.056611,0
-0.023618,0.01908,0.043906,0.042301,-0.017453,0.004964,0.006454,-0.025734,-0.036884,0
0.061416,0.012671,0.007235,-0.000794,0.012722,-0.030079,0.029509,-0.038171,-0.062311,0
-0.041616,0.043695,0.009565,-0.013877,-0.012877,-0.01479,0.009453,0.022717,0.010874,1
-0.007722,-0.000023,-0.035636,-0.010505,-0.001627,-0.02951,-0.012842,0.00489,0.005519,0
-0.029863,0.036203,0.024269,-0.036469,0.006897,0.000203,0.020946,-0.013174,0.008026,1
-0.021005,0.02367,-0.00585,0.053473,0.010558,-0.045199,-0.061061,0.060346,0.068685,0
-0.026136,0.008142,0.005806,-0.041818,-0.012704,-0.004787,-0.048797,-0.012064,0.00678,0
