'0.516Parks/Picnic Spots+0.488Juice Bars+0.486Resorts+0.404Museums+0.226Restaurants...','0.627Theaters+0.504Beaches-0.314Juice Bars+0.283Museums-0.259Art Galleries...','-0.63Dance Clubs+0.568Art Galleries+0.466Beaches+0.157Resorts+0.112Parks/Picnic Spots...','0.721Restaurants+0.503Art Galleries-0.331Juice Bars+0.183Dance Clubs-0.168Parks/Picnic Spots...','-0.595Museums+0.514Theaters+0.42 Parks/Picnic Spots-0.33Resorts+0.233Juice Bars...','-0.576Restaurants+0.482Art Galleries-0.433Beaches+0.399Theaters+0.263Dance Clubs...','-0.643Dance Clubs-0.532Beaches+0.388Theaters-0.27Art Galleries+0.204Museums...','0.724Resorts-0.569Museums-0.244Juice Bars-0.214Art Galleries-0.118Restaurants...',Good
2.078494,-0.102305,-0.175499,-0.006873,1.156668,0.570864,-0.444846,0.443264,0
5.182901,-0.314053,-0.523623,0.042276,1.089426,1.38036,-0.389106,0.645561,0
-1.488261,-1.435209,0.949039,0.525743,0.439641,-0.07666,0.070358,0.640163,0
-1.142543,0.858564,-1.156227,-0.245391,0.784495,-0.965371,-0.831734,0.494,0
0.743816,-0.221744,-0.688077,-0.666198,-1.445136,-0.907557,0.609367,-0.201362,0
-1.889445,0.201681,0.186795,-0.356403,-0.088491,0.566321,-0.16555,-0.515249,1
-1.557284,-0.903167,-0.939358,0.102291,-1.23466,0.673524,0.330795,0.182922,1
-1.688968,0.29443,-0.747165,-0.006855,-0.551037,0.134303,0.209898,0.018475,0
0.356889,-0.403007,-0.289562,0.903367,-0.202229,0.37083,-0.730629,0.321177,0
-1.082808,2.010201,-0.509247,-0.431544,-0.607157,1.129796,1.231542,-0.887294,1
1.224179,0.725476,1.815765,1.529967,-1.526993,0.347348,0.333255,-0.06583,0
-0.625396,1.666013,-1.796967,0.835487,-0.56245,1.251731,-2.428939,0.101317,1
2.193237,-1.079804,0.203752,-1.666179,1.272609,-0.523884,-0.713166,-0.437479,0
1.633069,1.398565,-0.207996,-1.32318,1.587842,0.342125,0.259264,-0.947729,0
3.349916,0.535122,0.484376,-0.458996,1.093419,0.881996,-0.222139,0.553031,0
2.198904,-0.44127,-0.961701,0.463093,-0.295969,1.339597,-1.618488,-0.89806,0
-1.307266,-2.35558,-0.165213,-0.966502,1.025464,-0.104474,-0.128919,0.254644,0
2.587449,-0.1871,-0.273546,-1.315687,0.65139,-1.633112,-1.898032,-0.954896,0
1.31866,1.085846,0.26885,-0.44887,-0.47116,0.469902,0.07273,2.24426,0
1.418685,-0.69186,0.797479,-0.98266,-0.064601,-1.131676,-0.303857,-0.26145,0
0.53664,-1.02339,-0.605747,-0.260014,-1.408555,0.2082,-0.074034,0.341482,0
-0.967509,-0.366803,-0.587539,0.513439,-1.848564,0.375432,-0.074384,0.49321,1
-2.303834,-0.336397,-0.557744,0.356407,-1.623957,0.381142,0.640401,-0.506065,1
-1.359329,0.510916,-1.442825,-0.213166,-0.512789,0.385217,0.998937,-0.174723,1
0.281045,0.07862,0.998593,0.505012,0.03497,0.894246,0.951371,-0.187919,0
1.827684,-1.429456,-3.145504,-0.60293,1.891426,1.330259,-1.035199,-0.353332,0
2.887736,-1.241562,-1.132335,0.201163,-0.32009,0.228164,0.480986,0.472277,0
0.130641,-0.917146,0.045009,0.197916,-0.521259,-0.22905,-0.156472,0.047778,0
-2.613802,-0.413501,-1.360466,-0.364024,0.323697,0.168283,1.063622,-0.374695,0
4.519426,-0.293423,0.496761,-1.690712,-0.506273,0.04854,0.67841,0.409298,0
2.321756,-0.842526,0.188254,-1.075819,0.971273,-0.213478,0.013471,0.549499,0
1.984431,-1.363953,-1.837786,-0.184235,0.747629,0.240937,-0.897889,0.406912,0
2.550282,1.171921,-1.003657,-0.900719,-0.813244,0.57955,-0.031759,-1.035661,0
0.003934,1.240165,0.947858,0.796519,-0.253124,0.322968,0.388305,0.86574,0
-1.057553,1.128172,0.691018,-0.481646,0.468888,0.569897,0.235807,-0.530529,1
-0.801963,0.284794,1.048093,-0.730981,0.496277,-0.565267,-0.213522,-0.226207,0
-1.263437,-0.433682,-0.527925,-0.901663,1.305733,0.341198,0.335204,-0.119812,0
-0.939486,0.441911,0.343997,0.042675,1.08513,0.28313,-0.102161,-0.732201,1
1.996281,-0.630132,-0.080098,-1.037175,1.792221,-0.641709,-0.437655,-0.353939,0
-1.73395,-0.507855,1.106185,1.235152,1.120644,0.231734,-0.335407,0.42927,0
-0.877871,-1.00569,-0.710703,0.070044,-2.601396,0.939057,0.584037,0.161657,1
-3.03084,0.018897,-1.661091,0.018438,-0.294419,0.195738,0.52936,-0.206881,1
-0.443389,-0.185496,-0.320325,-1.005139,-0.998199,-0.074772,-0.016275,0.41955,0
-0.387601,1.117479,-0.481219,0.981175,1.080582,0.956353,-0.717699,0.718031,0
-0.411417,2.239485,0.147193,0.153841,0.739413,-0.721409,-0.805913,0.880963,0
-1.689476,0.095233,1.336073,1.214218,0.041728,1.612365,-0.732059,-0.749305,1
-0.879464,2.538708,0.576898,-1.632358,0.830901,-0.900094,0.217048,-0.484661,1
-0.197635,-0.247267,0.356097,-0.631019,-0.183593,0.131625,-0.145341,0.137008,0
-0.606018,1.047401,-2.81881,-0.15808,0.404371,0.10406,-2.353238,0.469119,0
1.940756,-1.510488,-0.59751,-0.720302,-0.019921,-0.440743,1.129959,0.059931,0
-1.256273,0.398364,0.501916,0.104072,-1.476012,-0.00599,-0.343371,0.006411,1
0.358705,-0.268072,-1.351444,-1.153974,0.771819,0.030847,0.829559,-0.608111,0
1.894616,1.277599,-1.552261,0.262755,-2.127275,1.531896,1.391628,-1.467492,1
-0.421465,-0.697307,1.093149,-0.140828,-0.057833,-0.183773,0.761651,0.2253,0
-1.579488,-0.079877,-0.04875,0.876497,-0.049139,0.346088,0.43554,0.386562,1
-1.930288,0.36388,-1.02397,-0.612324,-0.530638,-0.553798,-0.811242,-0.640405,1
1.88079,-0.604939,0.597663,-0.955769,0.289298,-0.459578,-0.08231,0.180667,0
-0.632596,-0.404008,-0.233159,-0.157035,-0.012238,0.258679,-0.469215,0.240169,0
3.43333,-0.325212,0.287769,-0.907362,0.059392,-0.623853,0.397716,0.675057,0
1.071272,0.410129,-0.064066,0.294022,-0.649301,-0.012566,0.258376,0.518004,0
4.655746,-1.445284,-0.285611,-0.310413,-0.332158,1.006866,-0.586174,0.67517,0
-2.701846,-1.827015,2.537185,1.199459,0.434081,0.102613,-1.987456,-0.700598,0
-1.868892,0.35111,0.067801,0.101268,1.637797,0.480164,0.687174,0.018081,0
-1.56336,0.766342,-0.353786,-0.909339,0.47366,-1.399549,-1.474738,0.256732,1
-0.456814,-0.138147,1.37734,0.302779,-0.651072,0.682642,-0.396629,-0.521682,1
-0.858263,-0.887426,1.56867,1.258004,0.345516,0.556104,0.535657,0.567947,0
-0.809061,-2.419662,-0.029099,-0.787449,1.09429,-0.211051,-0.801848,-0.306827,1
-0.86507,-0.956345,0.089019,-0.01242,-0.293795,-0.252743,0.36434,0.048564,0
-0.16464,-1.25663,-0.518432,-1.756955,-0.38947,-0.805162,0.205227,-0.614186,0
-0.823056,-0.368013,-1.244755,-0.482906,0.377005,-0.24245,0.386017,0.062381,0
-1.305422,-1.504901,1.591802,1.458096,0.067319,0.09826,-0.135381,-0.017254,0
2.617117,-1.834378,0.584433,-0.367515,1.441311,-1.621023,0.029896,-0.323868,0
-0.621465,1.844613,-1.67177,0.626328,-0.565207,1.042943,-0.241829,-0.287635,0
0.46605,-1.077452,0.526784,-1.02886,0.237668,-0.017764,-0.026588,-0.238966,1
0.869275,-0.513732,1.041549,0.374609,0.801696,0.481431,-0.593651,0.032107,0
2.135794,-0.37802,-2.194848,0.163841,-0.093011,1.396848,-1.898502,-0.780298,0
-0.887061,-0.363321,0.826068,0.220629,0.857832,0.966438,0.258148,-0.638303,1
2.259815,-0.365712,-0.425791,-0.371419,0.785573,0.062379,-0.36696,-0.084665,0
-2.241618,-1.056555,-0.384868,-0.423092,-0.286635,-0.095312,0.191828,-0.218536,1
-0.952864,-0.589084,-0.565442,0.236514,-1.712886,-0.180307,0.677525,1.573051,0
-1.864482,-0.346103,3.232887,1.380841,-0.278173,1.092966,-1.453778,-0.47214,1
-0.416995,0.451135,-0.183532,-0.275265,0.696306,0.233092,0.34567,0.424016,0
-1.312638,-0.164252,-2.059089,3.336273,2.048813,-1.393478,1.85286,-0.778537,1
-0.516534,-1.120313,1.228823,0.518671,-0.497837,-0.418727,-0.451978,0.508118,0
-0.470378,-0.320798,3.73004,1.008732,0.128333,0.950996,0.367722,-0.377024,0
-1.505118,0.676271,-1.060431,-0.065738,-0.626931,0.319318,-0.715385,0.15137,1
-0.63919,-1.24634,-0.409444,1.230496,0.772371,-1.572292,1.482517,0.510891,0
-2.697559,-0.89109,-0.822562,-0.470638,-0.320708,-0.610596,0.288808,-0.11544,1
0.761746,-0.096876,-2.796477,3.386937,0.010434,-2.192325,-0.24527,-0.332075,0
-0.156341,0.36683,-1.332847,-0.08495,0.508618,-0.058279,-0.95918,-0.06738,0
-0.78854,-0.29886,0.922417,0.764431,0.439739,0.822016,0.272508,-0.788376,1
-2.645347,0.31047,-0.619079,-0.35548,0.246168,-0.873826,0.247453,-0.325073,0
2.678334,-0.35157,-0.39977,-0.039724,0.09506,1.067697,-0.670534,-0.679017,0
3.43333,-0.325212,0.287769,-0.907362,0.059392,-0.623853,0.397716,0.675057,0
3.233858,-0.260986,-0.786341,0.244166,-0.85011,0.825326,-0.147507,-0.526805,0
-1.161307,-0.324008,1.255574,0.160528,-0.365107,-0.575715,-0.744008,0.765254,0
1.797383,-0.321719,0.187859,-0.488863,1.014327,0.390649,0.066565,0.007854,0
-0.4149,-0.525991,1.37892,-0.934073,-0.208239,-0.476564,0.41758,0.36814,0
1.510324,-0.018648,1.397164,-0.820124,1.628971,0.403129,0.837293,-0.756298,0
0.218061,4.250158,-0.504938,0.279755,-0.448551,1.642686,2.038696,-1.520564,1
-0.567735,0.719501,0.783094,0.117466,0.07648,-0.061386,0.463498,0.742333,0
-1.642131,0.593388,0.00785,-0.837156,0.820843,-0.446669,0.184099,-0.228558,1
2.211288,0.053865,-0.462541,0.634497,-0.145779,0.318491,-1.3362,1.15795,0
-1.705667,-0.548582,-0.682997,0.194064,0.985636,0.634718,0.96212,-0.164725,0
-2.478695,-0.482432,1.574947,0.604824,0.557113,0.797419,-0.05108,-0.341002,1
1.463277,-1.852935,0.720663,-1.618834,2.445473,0.201211,0.528107,0.084826,0
0.617485,1.717709,2.068794,0.171308,-0.159318,0.442288,1.403366,0.418733,0
-2.679868,-0.978795,-0.619939,0.408665,-1.395727,0.185153,0.249289,-0.608386,1
-1.431251,-1.710938,2.722058,0.716224,-2.663237,0.382634,0.897994,-0.976687,1
1.385048,2.110006,-0.941169,0.309991,-0.063083,1.195938,-0.019795,-0.431175,0
0.958424,1.866439,0.170741,0.295069,2.111855,0.456206,-0.223616,-0.33587,0
-0.569769,-1.334731,0.344261,-1.004426,-0.039938,-0.312636,-0.389268,-0.204896,0
0.01589,0.783547,-0.858725,0.841612,0.249752,0.466054,-0.000349,-0.274118,0
-0.201537,0.51145,-0.368854,-1.505238,-0.22657,-1.713298,-0.617667,-0.498012,0
2.617117,-1.834378,0.584433,-0.367515,1.441311,-1.621023,0.029896,-0.323868,0
-0.492629,1.06036,1.149949,0.908323,0.046885,-0.122598,-0.629487,0.832547,0
0.87011,0.348752,-0.670699,-0.472584,1.076867,0.030873,-0.309592,0.600344,0
-0.053336,0.571945,-0.66278,-0.251345,0.025202,-0.044939,0.849421,-0.132935,0
-0.146278,-0.4548,-1.319665,-0.628708,0.369864,0.568137,1.770098,-0.391555,0
-0.040931,-1.638573,-0.601384,0.11771,-0.873874,0.360503,-0.688881,0.181354,1
1.940952,0.820856,-0.616681,0.311046,-1.680887,0.386686,-0.579081,0.315371,0
0.067384,0.650752,0.042781,0.343992,-0.935865,-0.49349,0.976636,-0.087656,0
2.134831,-0.661468,-2.289535,0.230982,-0.649,1.529276,-1.089148,-0.174852,0
0.165541,-0.791283,3.24002,2.037564,-0.729844,0.844766,0.203482,0.60329,0
0.654404,-0.364861,-0.83386,-0.025444,-0.357561,0.057538,0.320412,0.0224,0
-0.994474,-0.270875,-0.841516,-0.247828,-0.310075,-0.429186,0.075027,0.389575,0
-1.210624,-0.658172,-1.278069,-0.914245,-0.260647,-0.440265,-0.084945,0.161417,0
0.116301,-0.42187,-0.265184,0.802429,0.017338,0.10626,-0.678345,0.331615,0
-0.813216,-0.04812,0.182166,-0.038095,-1.268852,0.399592,-0.715065,-0.45611,1
-0.670317,-0.144903,-0.9684,-0.585462,-0.141627,0.072668,0.977695,0.417746,0
-0.395824,-2.077972,0.052525,-0.587515,-0.471433,-0.39572,0.375665,-0.112318,0
1.630058,1.281158,-0.173575,0.063799,-1.332851,0.455027,-0.030941,0.20999,0
1.223269,0.416094,-0.442655,0.0662,-0.164569,0.900815,0.487858,-0.829642,0
1.122226,1.033403,-0.101782,-1.110398,-1.307064,-1.728934,-0.11522,-0.482451,0
-1.143416,1.89276,-1.504308,-0.133296,0.602433,1.652573,1.458754,0.53471,1
0.649133,2.088064,1.217596,0.191605,-0.085423,-0.172839,0.716886,1.058439,0
0.92647,-0.011092,0.782504,0.091225,0.825454,-0.346266,-1.715406,-0.164258,0
0.874635,-0.022783,-0.331504,-1.084928,-1.148458,-0.968909,0.459568,-0.608747,0
-0.282934,-0.248516,-0.053503,-0.102336,-0.407215,0.456171,-0.224791,0.433849,1
-1.591331,0.497152,0.80801,-0.215487,1.300058,0.166577,-0.700448,-0.652896,1
-1.16787,1.393478,0.036685,-0.395434,-1.031272,0.228728,0.168354,0.15363,1
-1.118721,0.267189,-0.086736,-0.078629,0.199963,-0.010961,0.587874,0.039189,0
-0.491966,-0.27031,-1.564535,0.346091,-1.616915,0.690196,-0.415429,-0.197129,1
-1.054655,0.857885,-0.387629,-0.021535,1.713295,0.828977,1.671279,1.399742,0
-1.158207,2.538151,0.578854,0.613804,0.040522,0.029412,0.012945,-0.26056,1
-0.625396,1.666013,-1.796967,0.835487,-0.56245,1.251731,-2.428939,0.101317,1
0.435786,-0.119527,0.992478,0.695024,-1.979092,-0.056938,1.42724,0.283003,0
1.939406,0.922771,1.324758,-0.717582,-0.087187,-1.406545,-0.87667,-0.174267,0
0.491128,1.027337,0.264248,0.049244,-0.148876,0.257757,0.557822,-0.120919,0
1.139828,0.493792,-0.327369,-0.158708,-0.821742,0.255643,0.171383,0.2716,0
0.031675,0.115806,1.187915,-0.126192,-0.782112,0.236296,-0.356233,-0.223708,1
-0.238387,0.185685,-1.070223,0.427549,-0.451941,0.14137,0.117965,0.570296,0
-1.338484,0.011298,-1.053458,-0.066175,0.427147,-0.584791,-0.353424,-0.052264,0
-0.560992,-0.62917,-1.442303,0.413887,-0.095447,-0.026249,0.249251,1.325356,0
-1.023409,-0.35871,-0.152742,0.532498,0.443896,1.091536,-0.077384,1.118455,0
-0.275561,0.436447,0.510463,-0.465944,0.628032,1.22886,0.695631,-0.351928,1
-0.079479,1.564428,0.350047,0.057689,-0.800547,-0.427755,-1.032977,-0.286346,0
-2.194457,-0.836842,1.803933,1.674926,0.672321,2.511759,-0.063058,-1.187458,1
2.304812,-0.137863,-0.098517,0.00182,-0.620861,0.71917,-1.186738,-0.971117,0
-1.245924,-1.919146,-1.136664,-0.118502,0.709249,1.188958,-0.632838,0.102643,1
-0.271942,-0.754737,-0.498027,-1.004729,0.28749,-0.407092,0.54383,-0.063714,0
-2.302544,-0.492474,-0.341793,0.641942,1.235203,1.988849,1.658538,-0.32643,1
0.01589,0.783547,-0.858725,0.841612,0.249752,0.466054,-0.000349,-0.274118,0
-0.752173,0.081693,-0.330502,-0.375275,0.867222,0.001576,0.326623,0.319646,0
-0.773873,-1.527832,-0.24547,-1.142165,-0.786737,-0.207387,-0.3402,0.087156,0
-1.299067,0.024335,-0.305335,0.335698,0.550572,-0.206528,-1.049538,0.777743,0
1.141025,-0.967555,0.70817,-1.595698,0.725323,-0.839792,0.539767,-0.801809,0
-0.413438,1.4035,0.267534,-0.573023,0.876328,0.028609,0.980001,0.324933,0
2.390752,-0.755263,-0.781765,-1.376466,1.75153,-0.243196,-1.261142,-0.59289,0
-0.618321,0.3342,0.216314,-0.858598,1.059775,-0.491599,-0.314286,-0.158102,0
0.284745,2.289398,0.967207,0.287746,-0.404624,0.359269,0.613445,0.139518,0
-1.92834,-1.498387,3.110963,0.903059,-0.160649,0.064719,-0.528566,-1.010857,0
-1.508373,-0.952068,-1.926117,0.612759,0.609024,-0.385879,-0.710759,-0.125674,0
-2.092715,0.409103,0.318537,0.450563,-0.158917,-0.021845,-0.310536,-0.546524,1
-0.257112,-0.047111,0.526635,0.484157,0.118363,-0.359005,0.205892,0.52878,1
0.366913,0.446625,-1.735166,1.070731,-0.703705,-1.962057,-0.444813,0.468776,0
-0.264738,0.416054,1.063785,-0.313772,-0.75851,-0.382315,-0.697678,0.004587,1
-1.051304,0.271009,0.92232,-0.389326,0.739291,-0.082663,-0.247701,-0.160696,0
-0.963186,0.553161,0.374001,-0.152853,0.329106,-0.37359,0.417707,1.407028,0
-1.023292,0.594196,-0.188084,0.059491,0.333731,-0.223114,0.43586,-0.208719,0
-2.308153,2.525103,0.628828,-0.622174,2.295971,-1.385219,-1.171195,-0.326191,0
1.502216,0.537463,0.039615,-0.376776,-1.664698,0.491758,0.927921,0.059883,0
0.45172,-0.37211,0.483517,0.76049,0.009908,0.642182,-0.338015,-0.280977,0
-0.450008,-2.262855,0.528477,-0.115403,0.012551,0.888745,-0.071397,-1.02676,1
3.890229,0.370013,1.201283,-0.455026,0.499314,1.082804,1.395805,-0.231168,0
-0.37221,0.85031,0.667167,0.487593,0.637807,0.785684,0.152038,2.34155,0
0.097448,0.47344,-0.460752,-0.363008,-1.342896,-0.36029,0.89335,0.34967,0
-1.629349,-0.009519,1.479744,0.929289,0.531354,-0.313225,-1.640254,0.20692,1
1.125575,-0.03806,1.142666,0.042539,0.439345,-0.241237,0.017655,0.729368,0
-3.040288,-0.628323,0.9196,-0.442033,-0.152825,-0.653309,0.092483,0.207592,1
1.351775,-2.013018,-0.906843,-1.10636,0.996735,-0.286517,1.134889,0.443008,0
1.507394,-0.299225,-0.139473,-0.314226,0.684687,0.023537,0.684993,-0.820623,0
-2.289746,-0.13691,2.036274,1.327765,-1.258712,1.345238,0.575435,-0.48514,1
-1.401746,1.50497,-0.790121,0.596341,-1.31091,1.583525,0.936273,-0.205971,1
-0.460483,1.146111,-0.794462,-0.872086,-0.412436,-0.390411,1.093054,0.387906,0
-2.000059,0.372027,0.288464,-0.4754,-0.900738,-0.419966,0.077179,-0.249068,0
-0.576716,-1.581249,-0.59775,-1.002409,0.112316,0.239544,0.73653,0.305847,1
2.111098,-0.832048,1.74675,-0.518377,-0.750496,0.88369,0.940489,-0.199718,0
-1.116892,0.514599,-0.118996,-1.181645,0.6606,-0.503693,-0.866303,-0.228203,1
0.701006,0.267088,-1.186794,4.545957,0.855897,-1.294476,-0.201348,-0.757583,0
3.258735,0.609563,1.27379,-0.20784,-0.41958,0.284511,0.080698,0.036555,0
-0.393105,0.429609,0.175483,0.881161,0.230727,0.577875,-0.421975,0.645554,0
2.071055,-1.663454,0.3261,-1.566684,1.437366,-0.577925,0.675477,-0.484729,0
-1.358174,0.501831,0.717237,0.058679,0.508777,0.357226,0.054727,-0.072093,0
-0.977738,-0.894522,0.674869,-0.672469,-0.483232,-1.048022,-0.446429,0.592036,0
-2.016029,-1.098945,-1.540345,0.198442,1.106389,0.844442,-1.216782,-0.136412,0
-0.714451,-0.039933,-0.057104,0.148186,0.007769,1.26325,0.396225,1.38472,0
-1.513536,0.711097,0.71303,-0.17806,0.889013,-0.433371,0.601466,0.227133,0
-0.542832,-2.627266,-0.810203,-0.659271,0.156525,0.003051,1.279914,-0.422792,0
-1.466545,-0.877058,0.431491,-0.722404,-1.552527,0.079181,-0.545382,-0.727495,1
-0.102476,-0.381271,-0.949015,-1.2882,-0.526014,-0.222997,0.066027,-0.504483,1
1.48487,-0.683187,0.322378,-0.835997,0.253673,0.569489,-0.237248,0.642246,0
-0.012635,-0.040145,-1.608876,0.699489,0.006702,0.958355,-0.239297,0.867618,0
-1.618228,-0.496797,-1.057988,-0.696746,0.368293,-0.513147,0.063957,0.587442,0
-2.757236,-0.096928,-0.975916,-0.516021,-0.013267,-0.774946,-0.936113,-0.089501,1
2.452719,0.51367,0.048858,-0.705113,-0.694894,0.213373,0.769563,0.208581,0
-1.899262,-0.281386,-1.325332,-0.571155,-1.000691,0.071261,-0.116901,0.147861,1
-0.965462,-0.946678,-0.400767,0.058259,0.000093,0.2096,0.363862,0.330317,0
1.686462,0.053788,1.209171,-0.137766,-2.533154,0.101035,0.992938,0.391951,0
0.817746,-0.457534,0.912725,-0.906563,-0.791226,-0.315518,0.355793,-0.504888,0
0.441668,1.036553,0.346879,0.218237,-1.228675,-0.358231,0.634989,0.670591,0
-1.126786,-2.392218,0.372966,-0.04161,0.557297,0.362506,-0.438326,-0.051088,1
1.701454,-0.542327,-0.689424,-0.141194,1.001649,1.029778,-1.450992,-1.361381,0
-1.966384,0.269973,-0.142699,0.453491,-0.125775,0.155121,-0.061469,0.30749,1
2.723348,0.15199,0.160953,-0.627938,-0.394291,-0.345348,0.575309,1.13613,0
-1.157077,0.0908,-1.269602,0.479063,-1.120363,1.160969,-0.407645,-0.732549,1
0.782729,-0.288959,-2.173221,3.761301,-0.154433,-2.303799,-0.301895,-1.396438,0
0.166479,-0.471271,-0.272733,-0.988994,-0.815374,-0.460148,0.172457,-0.413081,0
-0.08139,0.754419,-2.669076,0.209797,0.061988,-0.299772,-2.4642,0.011253,1
1.439642,-0.480723,0.473432,-1.358505,-0.394632,-1.459289,-0.191516,-0.312185,0
-1.062709,2.385484,0.867222,-0.478127,0.646206,-1.163139,0.304313,-0.631068,0
3.034374,0.262134,0.423696,-1.447663,-0.628329,-1.863964,-0.93449,-0.89849,0
-1.07947,-1.319024,-1.702635,-0.295248,-0.37592,0.378946,-0.959476,-0.287481,1
-1.014198,-0.481135,-2.168153,-0.407124,0.082006,0.13885,-0.501512,0.928357,0
0.539248,1.520079,0.590832,-1.009798,-2.845942,-0.963412,0.810391,-0.9133,0
-0.460483,1.146111,-0.794462,-0.872086,-0.412436,-0.390411,1.093054,0.387906,0
0.964621,-0.906546,1.158893,0.789441,-1.669518,0.092472,-0.066452,-0.77802,1
-0.051239,1.26996,-0.789559,0.419319,-0.404136,-1.177188,-0.93786,0.520116,0
0.427424,-0.897033,0.519484,0.248228,-1.28488,-0.603005,0.478656,0.373845,0
-3.703228,-2.482404,2.999344,0.362678,0.807224,0.860579,-1.143767,-1.341471,1
2.071055,-1.663454,0.3261,-1.566684,1.437366,-0.577925,0.675477,-0.484729,0
2.725991,0.440104,-0.553194,0.533096,-0.57418,1.293444,-1.485579,-0.986658,0
-0.245986,0.757391,-0.823001,-0.074246,3.499711,1.155944,1.08191,-0.439266,0
-0.862624,1.033813,-1.164921,-0.147124,2.33009,1.434765,0.541954,-0.451142,1
-2.763263,1.491232,-0.460314,-0.261342,1.648841,1.274053,0.220389,-0.442715,1
-0.579744,0.263311,-0.125771,-0.786322,0.291974,-0.343679,0.209773,0.035349,0
-2.474617,-0.670722,1.808664,0.282563,1.119811,-0.090151,0.274176,-0.403604,0
5.22441,-1.150505,-0.394162,6.476665,1.842644,-2.551816,0.529422,-0.277385,0
-1.914533,-0.529492,1.029239,-0.657,-1.234127,-0.645728,0.129788,-0.477823,1
-0.460483,1.146111,-0.794462,-0.872086,-0.412436,-0.390411,1.093054,0.387906,0
0.740564,-0.33726,-0.315323,-1.015008,-1.231114,-1.076475,0.794419,-0.623008,0
-1.175637,0.644713,0.080001,-0.608276,0.097006,-0.50386,0.000891,0.251179,0
1.065209,-2.202837,-1.220264,-1.194659,0.519171,0.021784,0.543678,1.296593,0
1.488534,-0.985096,-0.573632,-0.307021,1.31692,-0.271706,0.922536,1.174486,0
-0.662945,-0.110833,-2.724747,0.281388,1.521272,1.441052,-0.259079,0.910251,0
-0.08226,1.520165,-0.74176,1.190509,-0.11686,2.109973,1.19301,-0.741464,1
-1.945993,0.365081,0.789749,-0.269549,-0.841242,-0.540817,-0.020478,-0.065655,1
1.15434,0.510283,-1.48956,3.52674,-0.223172,-1.513624,0.424416,-0.707814,0
-2.018472,-1.726614,4.295481,1.095131,0.849584,0.415106,-0.957243,-0.803598,0
1.313737,-1.095385,-1.513407,-0.02764,-1.165696,-0.136888,1.558807,-0.864332,0
0.632165,0.168193,0.944884,-0.546869,0.63776,-0.377552,0.977566,0.694276,0
1.952611,2.263826,1.490016,0.216741,0.245391,-0.203264,-0.690983,1.050014,0
-0.943456,0.445508,2.370059,1.026122,0.02045,0.345012,-0.463233,-0.112588,0
1.663827,2.940513,0.527724,-1.042931,1.360504,-0.149536,-0.416922,-0.787773,0
-1.630922,-0.064427,0.535749,0.130769,-0.934618,-0.160135,-0.604802,-0.012735,1
1.476792,-0.309515,0.629587,0.483622,0.108275,0.661885,0.064488,-0.021748,0
2.923999,-0.128736,1.275977,-0.630046,0.731043,0.591582,0.303633,-0.351309,0
0.971085,0.42139,-0.261976,0.566727,1.297788,0.883216,-0.667759,-0.03506,0
-0.747755,0.789257,-1.493213,-0.148882,1.010098,0.776523,1.604595,0.738672,0
1.200514,0.630918,-0.138581,-0.329772,-1.258408,-0.001058,-0.13949,0.135198,0
-0.545564,0.907943,-0.405661,0.05248,-2.048918,-0.199798,-0.709203,0.097154,1
-0.970208,0.190906,0.09961,-0.827272,0.764772,-1.416341,-0.807493,0.176222,0
2.108992,-1.565446,-0.520477,-0.723347,-1.344972,-0.790023,0.791675,-0.876381,0
3.295416,-0.259987,0.56587,-1.330098,0.446742,-0.817988,-1.196738,-0.134588,0
2.080509,-0.861959,-1.040012,6.641614,1.534316,-4.300261,0.50846,-0.952831,0
-2.483374,-0.382169,-0.291978,0.328677,-1.430142,0.420369,0.775944,0.055965,1
0.255894,-0.266837,-0.532145,-0.231028,0.221991,0.147012,-0.523045,0.039122,0
0.407598,2.681012,0.942899,-0.04529,-0.481193,0.079981,0.352994,-0.072618,0
-1.900472,-2.396427,-1.142786,0.620222,-0.001064,0.237235,-0.530595,-0.28216,0
-0.377424,0.055799,1.366328,-0.143427,-1.459228,-0.315251,1.460135,-0.141229,0
0.278784,-1.723438,0.177119,0.047239,-0.640444,0.145008,-0.345511,-0.227298,1
-0.085613,1.685819,0.883393,-1.22932,-0.421386,-1.823492,-1.008809,0.042643,0
1.42513,-0.305722,-1.101758,-0.858846,1.065065,-0.29466,-0.345257,-0.65791,0
1.07277,-0.083446,-0.07291,-0.008555,-1.092982,-0.672335,0.107594,0.459584,0
-1.06639,0.375466,-0.577434,0.941635,-0.334255,0.401472,0.132902,0.810068,0
-2.000684,0.220717,-1.060333,-0.508759,1.434631,-0.543575,0.089542,-0.169683,0
2.816679,-0.008787,-1.559788,4.95112,-1.391042,-2.96028,1.18978,-1.097655,0
0.031037,2.212707,-1.338812,0.810564,2.763352,2.182081,1.539315,-0.295118,0
-0.58529,-1.121424,0.356542,0.258484,-2.207896,-0.097862,-0.47787,-0.46957,1
-0.908452,-0.299083,-0.099958,0.208672,-1.54903,0.093542,-0.262738,0.405759,1
2.346587,-0.429607,1.289362,-0.446368,-0.279341,0.025917,-0.174289,0.181456,0
-1.937702,-0.857309,-0.187093,0.452247,-0.496792,0.625102,0.375533,-0.110798,1
-0.979541,0.12821,-0.652012,-0.839253,-0.607513,-0.340465,-0.548612,-0.342273,0
-1.670839,1.426096,1.885338,-0.925016,1.259522,-1.594788,-0.673789,-0.110926,0
-2.613802,-0.413501,-1.360466,-0.364024,0.323697,0.168283,1.063622,-0.374695,0
-0.563333,-0.946374,-0.447631,1.107272,0.819156,-1.673384,1.378491,0.065481,0
-0.532181,-0.533763,-1.083342,0.064711,-0.582965,0.07843,0.93346,0.060418,0
-0.477399,-1.60939,-0.321118,-0.478005,0.273199,-0.760067,-0.078758,-0.042275,0
0.265304,-1.234373,2.456656,0.479458,0.75482,1.259896,-0.417088,-0.296927,0
0.515718,0.958012,-0.700166,0.208623,0.871469,0.588157,-0.510737,0.871926,0
-2.177899,0.190138,-0.676904,-0.033957,0.140514,-0.459736,0.722815,-0.002515,1
0.772861,-1.229738,-0.600102,-1.407382,0.926659,-1.521514,0.227015,-0.610126,0
0.387543,-1.229873,0.313483,-0.957635,1.860285,-0.727463,0.405012,-0.366615,0
-1.102848,0.684513,-0.656572,-0.511651,0.320775,-0.150914,0.24522,-0.203863,0
1.008748,-0.15998,0.866858,0.015556,0.391802,0.80446,0.601802,1.267834,0
-0.659694,-0.827506,-1.439099,0.532122,-0.039793,0.396517,0.316336,0.061357,0
0.388504,0.690146,0.596149,0.268885,-0.507465,0.508533,0.086417,0.670978,0
3.500357,2.748329,0.996942,-1.116838,1.682496,0.316537,0.573043,-1.032145,0
-2.336108,-0.509774,3.835786,0.845554,0.560786,-1.85596,-0.639206,0.139274,0
1.87477,-1.476549,-0.991428,-0.678599,0.447612,-0.243385,1.150969,0.773275,0
-0.870752,1.659836,-1.455723,0.01215,1.56124,0.766009,0.846843,0.110905,0
-1.115194,0.940038,-0.772704,-0.633055,0.460281,-0.141703,-0.03618,0.210212,1
-0.164123,-0.644439,-0.790845,-1.547669,-0.257118,-1.135571,0.341614,-0.639775,0
1.236725,0.888133,-0.105688,-0.254659,-1.214218,0.130947,0.141972,0.03966,0
0.888086,1.6094,-1.170306,-0.010776,-0.497926,0.5114,0.594859,-0.11425,0
-0.544749,0.101684,1.127752,0.18596,0.820964,0.711044,1.057675,0.56481,0
2.241416,0.019382,0.331724,-0.556914,-0.123181,0.740991,0.614371,-0.577525,0
-1.539844,0.645486,-0.471187,-0.176225,-0.988857,-0.34383,0.189195,-0.022485,0
0.720313,-1.912261,0.286833,-1.324314,1.603152,-0.714824,0.006794,-0.022082,0
-3.053182,0.097418,0.205607,-0.19845,-1.242224,-0.12336,-0.742615,0.216005,1
-0.969582,1.073185,1.478625,-0.288516,-0.332753,-0.492291,-0.573278,0.014046,0
-1.15022,1.122215,1.37508,0.023829,1.618567,0.559744,0.236782,0.172166,1
0.839764,-1.791623,3.108389,4.230495,-0.35842,4.16098,-2.100797,-0.337736,0
-2.453041,-0.267549,-0.39306,-1.251267,0.738944,-1.332595,-0.605895,0.182319,0
-0.948986,0.22936,-0.365857,-0.950766,0.383094,-1.28431,-0.090154,0.043815,0
2.037481,-0.842628,0.762167,-0.326469,-1.054198,-0.166811,0.736718,0.249301,0
2.685312,1.920952,0.251624,-1.350542,2.283559,0.062811,0.242741,-0.494242,0
2.244909,0.887764,-0.329947,0.371524,-1.979603,0.5151,-0.013564,0.750802,0
0.159609,-1.298543,-0.067499,1.078545,-0.097051,1.000905,-1.689832,0.831875,0
0.745401,0.10259,0.962987,-0.701467,-0.135406,-1.405637,-0.94514,0.284922,0
-0.402179,4.162067,-0.129292,-0.07368,0.087642,1.931572,2.112541,-1.751549,1
0.9817,-1.337635,-0.878044,-0.928049,-1.40033,-0.278763,0.248793,-0.518073,0
-0.858263,-0.887426,1.56867,1.258004,0.345516,0.556104,0.535657,0.567947,0
0.132338,0.139264,0.039839,0.67898,-0.694038,-0.461078,1.641646,1.415601,0
-1.591298,-0.922127,-2.055387,0.707004,1.259251,0.329591,0.155869,0.081278,0
1.157913,-0.143841,-0.040664,-0.509148,-1.64006,-0.764413,0.78965,-1.409871,0
0.798919,-0.896379,-1.878285,-1.121928,-0.891243,-0.131511,-0.313798,-0.502903,0
-2.263529,-0.789547,-1.49937,-0.667779,-0.444811,-1.333578,-0.040822,-0.082409,1
1.215134,2.173417,0.415476,0.171406,-1.466245,0.031631,0.3696,0.525279,0
-1.156156,-1.0204,1.232031,0.877924,0.511652,0.661124,-0.962594,-0.383758,0
2.041682,1.540397,-0.81581,-0.07665,-1.584305,0.579767,-0.893965,0.084593,0
2.721824,2.324447,0.521048,-0.757095,2.10834,0.141376,0.522061,-0.360766,0
0.590157,0.391681,0.525976,-0.770835,-0.710024,0.124982,-0.860754,-0.908381,1
2.098394,-0.955461,1.309462,-0.392701,1.611695,0.640209,-0.371745,0.222473,0
0.019709,-1.498224,-0.52259,-0.273831,-1.501867,-0.553416,0.700094,0.82776,1
-2.530822,0.448414,-0.672494,-0.602469,0.165564,-0.257537,0.409759,-0.295117,1
0.2458,2.439623,-0.196846,0.684499,0.615092,0.866032,0.010775,-0.560105,0
-0.712137,0.990987,-0.202789,-0.974029,0.76232,-0.398055,0.097666,-0.153831,0
2.384596,-1.214761,0.811063,-1.999762,0.707075,-1.311539,-0.636746,-0.249736,0
2.683943,-0.798103,0.418128,-0.583792,-0.863964,-0.553165,0.273172,0.396516,0
-0.71259,-1.622096,1.425832,0.837153,0.533144,1.44896,0.022656,1.144722,0
-1.619489,0.172025,0.715034,0.020114,0.734222,-0.131553,-0.412067,0.628173,0
1.302777,0.795488,2.177544,-0.519695,0.195722,0.760974,-0.023597,1.193335,0
-1.877295,-0.014306,0.635418,-1.260121,1.026813,-1.561118,-0.509458,0.211069,1
-1.422134,-1.197661,-1.009516,-0.440466,-1.081237,0.311731,-0.254515,-0.169981,1
-1.910452,-1.185268,-0.592255,0.811048,-0.222153,-0.982281,0.660808,-0.75812,1
-0.035501,0.89062,-0.732162,1.008026,-0.106019,-1.742844,0.524545,-0.083172,0
-1.333695,-2.077079,-0.013951,-0.306187,1.654639,-0.293387,-0.814495,-1.145502,1
0.360344,3.765227,1.795991,-0.468848,-0.392764,-0.912886,0.227109,0.014988,0
-1.352743,-3.080584,0.717965,0.613348,0.39071,1.709519,-0.488427,-0.768292,1
-1.711614,0.003518,-1.050425,0.018907,1.323961,-0.454989,0.004164,0.632126,0
1.417519,0.512648,0.055503,0.3052,-1.378843,0.708351,0.047557,-0.848414,0
3.233858,-0.260986,-0.786341,0.244166,-0.85011,0.825326,-0.147507,-0.526805,0
-2.327827,0.503201,0.313328,-0.345023,-0.479649,-0.602913,-0.507627,-0.222147,1
0.548436,2.0887,-0.39362,-0.736867,-0.920282,-1.476893,-1.673776,-0.210976,0
1.556883,-1.047902,-0.797811,0.496767,0.191862,0.557396,-1.218909,-0.143768,0
0.12047,0.379742,1.238736,0.829263,-0.176338,0.857586,1.131349,-0.581764,0
-0.592427,1.477253,0.808902,-0.182577,-0.292658,-0.939031,0.163527,0.016932,0
-0.273842,-1.020318,0.811657,-0.833056,-0.337435,-0.848826,-0.592961,-0.309145,0
0.524968,0.000232,-0.765937,0.051916,-1.811051,-0.332364,0.820521,1.292448,0
-0.513384,-0.558946,0.824885,-0.752415,0.540071,0.580164,0.407087,-0.11901,1
1.314188,-0.077635,-1.006172,-1.643118,1.270117,-0.100372,1.028604,-0.570639,0
1.339252,-0.550312,0.94311,3.800244,-0.219075,-1.537091,0.869621,-0.848531,0
2.130365,-0.84226,2.41329,1.202726,-0.737896,0.651668,-0.454391,-0.401856,0
-0.311138,1.460193,0.240836,-0.240587,0.447599,-0.112634,0.510445,-0.456432,0
2.809737,0.178516,0.234927,-0.343229,1.838876,0.022003,-0.924054,0.216906,0
2.882059,-0.552566,1.50278,0.593199,-1.086283,0.891276,0.860597,-0.290474,0
-0.406333,1.337035,-2.359119,0.52443,-1.128792,0.187177,-2.448032,-0.272597,1
-1.462965,-0.060763,0.317879,-0.290846,0.067822,-1.086261,0.054875,-0.272672,0
0.315729,1.060088,-1.706221,0.045281,-0.375555,0.600814,1.169607,0.287866,0
-2.45612,0.614322,-0.3063,-0.969647,0.121045,-0.370225,-0.925802,-0.332535,1
-2.324342,1.209335,-0.495453,-0.912973,0.244948,0.217027,-0.704103,0.035264,1
-0.314874,0.805167,-0.29816,1.053691,-0.2249,-1.082996,-0.455481,-0.472472,0
-0.320167,-0.274894,-0.857733,-0.835415,0.929592,0.470886,-1.226885,-0.746272,0
-3.714799,-1.117553,-0.889291,-0.985752,0.417401,-0.535228,-0.39052,-0.267151,1
2.667235,-0.8328,-0.510828,-0.079414,-0.370915,0.065232,0.474097,0.232165,0
1.323976,0.575882,-0.900352,0.121686,-1.119999,0.265452,-0.672694,0.058783,0
-0.471302,-0.296513,0.633173,0.69532,-0.777002,-0.142463,0.793803,0.352572,0
-0.567598,-0.119646,-0.889966,0.487583,0.421331,0.392584,0.51422,0.532283,0
-0.926329,-0.911831,-1.698343,0.404791,-0.312892,-0.785709,-0.525831,0.37905,0
1.386431,0.669493,-0.125407,-0.361485,0.53443,-0.137558,-1.504456,0.769617,0
-1.864495,-0.821628,-0.85666,-0.219445,-0.245739,0.822135,0.684793,0.144991,1
1.780569,2.000751,0.713578,0.077651,0.349038,-0.332264,-1.639395,-0.099648,0
-1.634754,-0.367444,0.402645,-0.11437,0.174326,-0.80415,-0.079481,0.246385,0
-0.268627,0.23726,3.776422,0.225626,-0.300927,0.369056,-0.893241,-0.196767,1
1.410049,0.06889,0.015487,-0.944807,-0.107171,-0.345774,-0.099993,-0.647209,0
0.047385,-1.944453,-0.31725,0.060396,-0.817236,0.550286,-0.234651,-0.303496,1
0.057159,-1.139403,0.398761,1.061356,-0.617273,0.819051,-2.118072,-0.107864,0
-2.365019,0.198666,-0.147253,-0.709215,0.187997,0.089116,0.0753,-0.039956,0
0.185433,0.838749,-0.297464,-0.418872,0.764597,0.640349,-0.117408,0.220296,0
-0.989315,0.950913,1.029478,-0.184629,-0.110884,-0.72546,-0.354596,0.069669,0
1.219537,-0.215142,0.74864,-0.788587,0.440954,-0.879028,-0.31553,0.398067,0
-0.597901,1.316767,0.353756,0.628635,0.279467,-0.900655,0.40263,-0.287714,0
-2.104653,0.193128,-1.889269,-0.120087,0.33554,0.109673,0.864824,-0.046995,1
1.980492,0.031262,-0.672398,-0.06554,0.596086,0.89761,-0.221486,-0.82774,0
1.189411,-0.051367,-0.430741,0.624334,-0.706975,0.608747,-0.166832,-0.43094,0
0.012795,-0.839435,-0.24807,-0.998258,0.122009,-0.280778,0.478059,0.191301,0
2.683943,-0.798103,0.418128,-0.583792,-0.863964,-0.553165,0.273172,0.396516,0
1.744084,0.393493,-1.468468,0.694185,2.270553,2.737795,-1.102738,0.080402,0
3.53614,2.067869,0.16986,-0.880769,1.678408,0.443449,0.436779,-0.536317,0
-0.12316,-0.154485,-0.487239,-0.776313,-0.362443,0.365674,0.653493,-0.050139,0
0.606985,0.78441,-0.563465,0.806025,-1.326849,0.343352,-0.634541,0.458632,0
1.655483,-1.006843,-2.526642,-0.084069,0.365856,0.581379,-1.544276,-0.304163,0
0.778413,-0.969516,-1.139851,2.411629,1.075665,1.164263,-1.766471,0.329198,0
0.165725,1.440263,0.55481,0.5819,0.12016,0.54199,0.447769,1.602092,0
3.054347,-0.943656,0.106008,-1.1722,1.101753,-0.688779,0.133383,1.008285,0
-1.076156,1.321128,0.223762,-0.758385,0.497131,-0.509131,-1.97051,0.276527,0
-3.868041,-0.619321,-0.709076,-0.222454,-0.60145,-0.372105,-1.121713,-0.502467,1
-1.697146,0.153172,-0.493781,-0.347153,-1.049531,-0.69982,-0.067171,0.063441,1
3.028538,0.83429,1.359163,0.976732,-1.068245,0.841321,-0.354762,0.260538,0
3.022624,-1.603525,-0.463229,-1.337857,1.049038,0.602009,0.10751,-0.205438,0
-0.651708,-0.461251,0.169509,0.23753,0.989554,1.723088,1.52206,0.142659,0
1.53903,0.332692,-3.610178,3.022479,-1.154513,-2.181924,-1.11182,-0.650342,0
-1.112466,1.373427,-0.169691,-0.620778,0.110369,-0.802852,-0.966857,-0.347508,1
0.767091,-0.412922,-0.626437,-0.907142,-1.885199,-0.628265,-0.904924,0.377064,1
-0.816784,-1.016737,3.027977,2.355251,-0.202041,0.500816,0.380326,0.29488,0
2.049438,-0.092202,-1.163664,-0.177301,-0.361735,1.029626,-1.555562,-0.814698,0
-1.88112,1.134994,-0.308762,-0.526266,-0.075022,0.247257,0.444865,-0.633414,1
-2.225223,-0.987203,-0.777432,0.373283,-0.33983,0.123267,0.035279,0.29981,1
-1.256273,0.398364,0.501916,0.104072,-1.476012,-0.00599,-0.343371,0.006411,1
0.649708,-0.136832,0.396921,-0.980923,0.084541,-1.691691,0.164863,1.209096,1
1.31731,1.431535,0.882586,0.573251,-0.787746,-0.058315,-0.110595,0.52606,0
1.340509,-0.694327,-2.073305,-0.139013,-0.894355,1.072398,0.545186,-1.005767,0
3.322939,0.155316,-0.985611,0.898138,-1.292733,1.610078,-1.346084,-1.092013,0
2.266322,-0.094571,-1.469632,-0.108138,-1.17762,0.553719,-1.063898,-0.188357,0
-1.393481,-0.160734,0.318519,0.4363,0.60698,0.321688,-0.822319,0.655996,0
-1.500188,0.600563,-0.834785,-0.384207,-0.84392,-0.609602,0.166211,-0.204517,1
0.675671,0.43726,0.101396,5.020141,1.628764,-2.430145,1.550044,1.178566,0
-0.818544,1.55007,-0.026819,-0.586147,0.155633,-1.377822,-1.295898,1.138178,0
-1.237285,-0.891202,0.23285,0.362047,0.181696,-0.788135,0.795854,1.24539,0
-0.835258,-0.478642,-0.33555,0.117605,1.138455,0.828338,0.649614,0.280179,0
-2.360358,-1.565255,-1.208953,0.158378,-0.351041,0.119912,0.513196,0.619777,1
-1.214052,0.201253,-0.69956,0.388929,-0.68736,0.458909,0.283146,1.319602,0
-0.190419,1.384441,0.383409,0.663916,-1.822521,0.509036,0.237194,-0.337623,1
0.797752,-0.418236,0.134981,-0.548465,-1.205028,-0.902756,0.700445,-0.737351,0
-2.480293,-1.726433,0.234144,-0.05919,-0.716307,0.958524,0.18808,-0.305325,1
0.801855,-0.020233,-2.498616,0.225314,-0.576378,0.466788,-2.199874,0.52001,0
-0.539269,-0.731668,0.286406,-1.331833,-0.0659,-0.50306,-0.497018,0.129941,1
0.707169,0.078234,0.084554,-0.808327,-0.737179,-0.340421,0.590012,0.732644,0
0.171659,-0.020278,0.654291,-0.574305,-1.385866,-0.582324,-0.007487,-0.085921,0
-1.348016,1.701854,-0.476061,-0.943605,1.544364,0.118906,1.565175,-0.61941,1
-0.996204,-0.605655,-0.81471,-0.399377,0.530927,-0.640148,0.885546,0.123232,0
-0.139048,0.592413,1.039373,0.066735,0.43215,0.8204,0.96073,-0.096585,0
1.484002,-0.01677,-0.298887,-0.44346,-0.442168,0.325206,0.454161,1.225299,0
-0.945525,-0.913909,0.727799,0.538682,1.029905,0.542196,0.682923,-0.185379,0
0.846957,-0.922162,-0.663074,-0.342927,-1.815773,0.729994,-0.529281,0.269972,1
-1.025106,-1.134651,0.297964,0.094521,-0.057128,0.238233,1.267463,0.587176,0
-1.811148,-1.253164,-0.102202,0.174323,0.475286,-0.658817,0.011584,0.237463,0
1.974597,-0.404999,0.58041,-0.524253,0.032213,0.24717,0.784328,0.150549,0
-0.711968,-0.610907,-1.677948,-0.046047,0.029697,-0.019909,-0.742187,-0.01997,0
-0.100815,1.31868,1.059743,-0.871048,-0.780515,-1.704423,-1.21867,0.172174,0
-0.877871,-1.00569,-0.710703,0.070044,-2.601396,0.939057,0.584037,0.161657,1
0.045406,0.194029,-0.300973,0.341883,-1.074102,-0.051935,0.313069,0.546754,0
-0.174031,0.622639,1.386264,-0.315154,1.019718,-0.203265,-1.056294,1.154926,1
-0.966861,-1.086521,1.953161,1.54737,0.377391,0.680805,-0.727682,-0.062193,0
1.710956,0.214228,0.779925,-0.831104,0.048851,-1.350139,-0.903741,-0.023657,0
-1.319691,-2.131347,0.620265,0.57673,-0.0674,1.365222,-0.289997,-0.093697,1
-1.410476,2.592072,1.271143,-0.360931,0.896543,-2.066898,-1.60376,-0.55592,0
-1.37956,-0.874231,0.794065,0.416866,-0.810849,0.731271,0.273846,-0.421924,1
-1.50112,-0.648855,-0.131822,0.951821,-0.494587,0.502587,-0.450907,1.567051,1
2.728013,-2.343533,-0.75078,-1.153318,0.265274,0.929306,1.591417,0.4922,0
-1.475076,1.187612,-0.049908,-0.187778,-0.630153,-0.211646,0.112317,-0.326445,1
-2.077626,0.470647,-1.425389,0.116645,0.76109,0.511993,0.863835,0.302052,1
-0.171792,0.591964,-0.48936,0.7198,-0.784723,-1.480821,-0.377958,-0.369419,0
-0.49575,-2.285929,-0.286891,-0.78732,0.265999,0.558761,0.408583,-0.198375,1
1.209746,-0.307279,1.908669,0.441736,1.175463,0.246596,-0.583118,0.419523,0
-0.624874,-1.577883,-0.372852,-1.323289,0.332573,-0.786057,-0.270806,-0.203651,1
-1.323365,-2.204552,-0.833245,-0.753486,0.457218,0.256901,0.462395,0.041318,1
2.622463,-1.020374,0.552978,0.01558,0.380146,-0.446743,1.317291,0.53582,0
3.196301,0.272065,-0.551786,-0.581472,-4.407301,0.655692,1.945712,-1.496095,0
-0.640795,-0.552275,-0.082864,-0.458346,0.759698,0.021378,2.117466,0.217974,0
0.959284,-0.423769,-0.727885,-0.817681,0.299139,-1.608928,-0.031363,-0.157092,0
-2.007877,-1.703875,0.154253,1.054541,0.751314,0.437961,-0.394372,-0.32726,1
2.331784,3.205955,-0.983111,-0.70763,1.100499,0.02393,-2.551393,-0.85902,0
2.378259,0.901173,0.160491,-0.490815,-0.055089,0.250568,-0.494598,0.12809,0
-0.655993,-1.929121,-0.787316,-1.062286,-0.023196,0.147749,0.146259,0.644527,0
-0.296618,0.410897,0.545456,0.671308,-0.545425,-0.557292,-0.568578,1.237077,0
0.488975,3.32198,0.850571,-0.06928,-2.711478,-0.548641,1.155371,-1.357718,0
-1.251645,-0.122592,0.553351,0.053911,-1.410815,0.379108,-0.733233,-0.322628,1
-0.541063,0.364096,0.399564,1.132125,0.639738,0.005084,1.336204,0.20244,0
-0.450008,-2.262855,0.528477,-0.115403,0.012551,0.888745,-0.071397,-1.02676,1
-1.819637,1.190117,0.961298,0.104298,-0.568638,0.414434,-0.521305,-0.976893,1
-2.08435,-0.564196,-0.754393,-0.326622,-1.089152,-0.441835,0.276555,-0.294647,0
2.123692,-0.515783,-1.060629,0.134999,1.253116,1.168516,-2.047338,-0.030999,0
-0.690354,1.085461,-1.288577,0.987241,1.597325,1.243367,-0.39645,0.121378,0
-1.606397,0.621558,-0.251805,-0.001634,-2.822924,-0.560704,-0.557954,0.157601,1
-1.854339,-0.337961,-0.382357,-0.630962,-1.391687,-1.434493,0.380722,0.031714,1
2.190743,-0.394326,-0.091965,-1.00612,0.302554,-0.057012,0.530635,0.799914,0
0.617017,0.070189,0.578519,-1.17674,-0.306303,-0.589626,-0.187191,-0.862083,0
0.107659,0.698463,0.799218,-0.212042,-1.135394,-0.611807,-0.210087,-0.12823,0
1.462862,-0.587763,-0.94104,-0.147612,0.947353,0.960925,-0.412559,-0.629487,0
0.746331,-1.621777,2.648827,2.371965,-1.344679,3.07613,-2.986687,-0.61474,0
0.46605,-1.077452,0.526784,-1.02886,0.237668,-0.017764,-0.026588,-0.238966,1
-1.090963,1.834281,0.281365,-0.754273,1.111561,0.017089,0.131657,0.110282,0
-0.538377,0.545142,1.078187,0.371665,-0.274713,-0.628225,-0.351194,0.861164,0
-1.279159,-0.468953,1.841761,3.155731,-0.73519,2.659502,-2.327264,-0.973164,1
-0.567083,1.139046,1.215772,-0.525421,1.274421,-0.271951,-0.091696,0.163024,0
2.757911,0.173542,-0.073127,-0.619857,-3.504029,-0.653323,1.487861,-1.877575,0
1.696674,0.150306,0.679991,-0.545023,-3.413157,-0.602193,1.162872,-1.242833,0
-2.44666,0.464996,-0.115702,0.326495,0.101006,0.125791,-2.48036,0.077061,1
2.461715,-0.44242,0.791533,0.17197,0.185064,1.347755,1.019418,-0.092987,0
-3.037557,0.047488,0.081436,0.026243,-1.147882,-0.122407,-0.475232,-0.285795,1
-0.691942,0.190688,-0.150428,-0.496059,0.475802,-0.633065,0.076373,-0.203112,0
3.875134,0.410926,-0.473467,-0.106614,1.37648,0.984679,0.254162,1.155496,0
-1.212871,-1.63253,-1.140559,0.272308,-1.785659,0.352784,0.739944,0.356931,1
2.693824,-0.429275,1.549993,-1.533237,0.853281,-0.68001,-0.329895,-0.451527,0
-1.464235,0.366796,2.477248,0.814042,0.803831,-0.236284,2.055182,-0.94452,0
1.011079,-0.402112,0.23639,-1.182973,-1.308252,-1.166052,0.12763,-0.803318,0
-0.397378,-0.883702,-0.552976,0.311141,-0.831599,0.864818,0.543947,1.035955,0
-0.419551,2.25539,1.524198,-0.289013,-0.318783,-1.353937,-0.772875,0.442541,0
-1.757029,0.496795,-0.786031,-0.935861,0.54659,-0.433027,0.057085,-0.244332,0
2.080941,0.27137,0.573928,-0.350427,0.233751,0.23347,1.159997,-0.240319,0
1.351775,-2.013018,-0.906843,-1.10636,0.996735,-0.286517,1.134889,0.443008,0
-1.774804,0.474645,0.036115,-0.204293,-0.533084,-0.176945,0.722391,0.047555,1
3.34004,0.953298,0.41394,-1.088592,0.905423,-0.244111,-0.438436,-0.144453,0
2.474617,-0.613031,0.002399,-0.287126,-0.976773,0.344409,0.188745,1.197947,0
1.014561,0.691823,0.004561,-0.42889,-0.869518,0.191961,1.101244,0.027898,0
-0.648604,1.061831,0.328437,0.073834,-0.442141,-1.146491,-0.890483,0.315707,0
-0.621134,-0.41573,-0.000928,0.957333,0.168129,1.573356,-0.403221,0.549036,0
-1.432772,0.411047,-0.013655,-0.435179,0.318492,-1.394339,0.309458,0.264065,0
-0.821367,-0.449888,0.521266,0.286548,-0.437202,-0.68861,1.259419,0.254854,0
-1.578595,-0.196504,1.924413,0.570135,0.527192,-0.774606,1.37694,0.094068,0
0.492807,-0.097202,-0.373706,0.135901,0.120682,0.690252,1.287884,0.141848,0
-0.159484,-0.812489,0.340233,-0.843548,-0.621674,-0.852487,-0.366125,-0.159132,1
0.207891,-2.105543,0.110686,-0.636234,-0.537952,0.048512,0.524148,0.62973,0
-0.271942,-0.754737,-0.498027,-1.004729,0.28749,-0.407092,0.54383,-0.063714,0
4.965909,0.378986,-0.712219,0.012424,0.031074,0.424239,-0.797912,1.492469,0
1.810848,0.074386,-0.206345,-1.096393,1.147945,0.661029,1.992802,-0.99688,0
1.607735,2.261098,-0.924288,-0.173125,-1.695842,0.555864,0.52588,-0.592272,0
-0.377422,0.760674,0.655309,0.470599,0.617786,0.84717,0.277408,2.368569,0
-0.523336,-0.355618,-0.17563,-0.593181,-0.621574,-0.228228,-0.488729,0.243979,0
-2.4326,-2.696826,1.307445,0.693679,-1.220851,0.55487,0.803143,1.175169,0
-1.467084,1.084134,0.641018,-0.14362,1.070889,-0.188448,0.140162,0.30652,0
-0.5294,-0.484908,-1.054355,-0.358593,-1.7229,-0.109573,-0.24778,-0.032223,1
0.935612,-0.973728,0.429466,-0.003093,-0.018394,-0.06353,0.418453,0.419075,0
-0.588834,1.273455,-1.836233,0.391989,0.340968,0.53989,-2.809968,-0.165184,0
-0.871111,-0.345489,-1.983761,0.320877,-1.359172,0.530547,0.73858,0.516032,1
-1.512742,0.895778,0.125255,0.52169,1.426597,0.019959,-0.342198,-0.10852,0
0.422303,0.330799,-0.628215,0.555535,0.274463,0.482219,-0.604761,-0.049364,0
-1.560942,0.287261,0.221473,0.269294,-0.863358,-0.346139,-0.598776,0.045816,1
-0.695488,0.566951,1.124057,0.119732,0.277843,1.084351,0.607212,-0.461753,0
3.890229,0.370013,1.201283,-0.455026,0.499314,1.082804,1.395805,-0.231168,0
-0.312663,1.354467,1.607589,-0.447864,0.814555,-0.246756,0.106872,0.461259,0
0.173274,-0.644982,1.452532,1.808981,-0.778925,0.333969,-0.521112,-0.022515,0
0.651362,1.069282,-2.154193,0.576003,-0.537392,0.898943,-0.370495,0.220933,0
1.131711,-0.835445,0.688338,-1.616888,0.979423,-0.789823,0.394906,-0.856936,0
-1.39652,0.099991,-0.998705,-0.206173,0.782339,-0.342077,0.011008,0.483541,0
-1.055623,0.911098,0.481942,0.639592,1.585413,1.081747,1.731376,0.773304,0
-1.807184,1.598127,0.926946,-0.136733,0.068736,0.51234,0.485401,-0.24916,1
-0.433889,1.232724,1.735081,-0.298156,-0.888812,-0.091146,0.110371,0.047781,0
0.549368,-0.933749,-0.140339,-0.654853,-0.180158,0.267461,1.776817,-0.367859,0
3.026563,-1.929123,-0.394821,-0.935425,1.294119,0.78673,0.014566,-0.094343,0
0.799113,-0.417399,0.86974,-0.478364,-0.424189,-0.335767,0.474846,0.032882,0
0.222351,-1.757451,-1.337935,-0.411561,-0.73368,-0.186191,0.00224,0.043808,0
-0.132409,0.883612,-0.454987,0.505469,-0.250536,-0.182183,-0.044565,0.48236,0
0.63416,-0.798698,0.332367,-0.846684,-1.63683,0.59993,0.349523,-0.295926,0
2.592332,-1.097322,-0.122215,-1.269609,1.311216,-0.61357,-1.010016,-0.275852,0
2.107153,-0.419248,0.214753,-1.606321,0.882828,-0.983105,-1.251003,-0.671974,0
2.404476,-0.986464,-1.049833,0.24805,-0.38489,1.230611,-0.379462,-1.36628,0
-0.044509,0.582648,0.086192,-0.559377,-1.37089,-0.987312,-0.373169,1.309694,1
2.60202,-0.291022,-1.107388,-0.163084,-0.470461,0.62958,-0.638532,-0.837773,0
-2.200041,0.152998,-0.169334,-0.581836,-0.795122,-0.581396,-0.93765,0.28394,1
1.395494,-0.438249,0.586252,-1.148093,-0.065333,-0.247215,0.020163,0.538231,0
-1.08558,0.653093,-1.482427,0.196892,1.720753,1.317,0.685891,0.803225,1
0.387496,1.49507,0.851911,0.562535,-0.015017,-0.172095,-0.634711,1.102355,0
1.07277,-0.083446,-0.07291,-0.008555,-1.092982,-0.672335,0.107594,0.459584,0
-0.629802,1.427426,1.100395,-0.435337,-0.32442,-0.589536,0.226999,0.524448,0
-0.716411,0.425326,-0.870972,0.136804,0.252535,-0.189857,0.275106,0.45426,0
-1.253108,-0.041588,-0.944086,0.043601,0.533784,-0.403311,0.049443,-0.011357,0
0.02229,-0.206225,0.058656,1.452738,0.234639,-1.386047,1.079873,-0.255169,0
-0.164013,-0.356967,-0.283664,-0.362825,0.177002,0.720802,0.138684,1.077949,0
1.060257,-0.023915,-0.31709,-0.527286,-0.768802,-0.082377,0.130803,1.115074,0
0.385283,0.033514,0.042919,0.361857,-0.63817,-0.038321,0.553073,0.167229,0
-0.848767,0.873873,-0.815867,-0.208162,0.105695,-0.015461,0.018027,-0.355433,0
-1.40582,-0.753585,-0.417691,0.642826,-1.492909,0.332677,0.209209,-0.175306,1
-2.255654,0.151191,1.58167,0.763306,-0.039346,0.261569,-0.58223,-1.064799,1
-1.43615,-0.161178,-0.398003,-1.187144,0.64423,-0.672369,0.055003,0.651825,0
-1.089287,-0.649565,-0.545508,-0.044452,-0.266356,0.401871,-0.741365,0.429756,0
1.430422,-1.96341,-0.373013,-1.131286,1.265956,-0.44249,0.700061,0.759223,0
0.427769,1.74897,-0.489472,0.455866,-0.451242,1.070811,-0.84995,0.760532,0
-0.484626,-0.23113,0.280132,0.010165,0.204795,0.150375,0.372741,-0.040007,0
-1.624257,0.815519,0.082131,-0.44075,-1.356277,-0.2673,-0.452557,-0.566439,1
0.254824,-0.202979,-2.568662,5.115248,1.887585,-3.844314,-0.282145,-0.592993,0
1.385663,0.432559,-0.623955,0.032089,-1.353023,-0.02633,-1.020788,0.125445,0
-1.259078,-0.628117,1.435999,-0.354953,0.293264,-0.341351,-0.392715,0.23886,0
-0.87295,-1.147414,3.038554,0.19566,0.436619,0.67993,-0.677182,-0.25668,0
-1.652919,0.40056,0.294061,0.275695,-0.60856,-0.363188,-0.633773,0.052247,1
-0.442715,0.816312,0.170454,0.43053,0.057731,-0.385835,0.71504,0.576329,0
1.274528,-0.700356,0.255306,-0.810072,0.665577,0.34779,1.277926,-0.869363,0
-0.470736,0.643017,-2.012449,1.416464,0.815969,1.625378,-2.07723,0.235798,0
-0.970534,-0.278153,-0.691097,-0.84883,0.289834,-0.331277,0.056274,-0.621702,1
1.182484,0.138728,0.114695,7.364439,2.251303,-4.524643,2.673582,-0.554226,0
2.183891,-1.170984,-1.933471,-0.258105,0.661736,0.491114,-0.455542,0.20025,0
-3.05455,-0.722903,-0.63361,-0.429019,0.168838,-0.712819,-1.218237,-0.051977,1
1.985473,1.650023,2.788768,0.840067,0.414668,-0.762638,0.441675,0.216084,0
0.294635,0.521222,0.776979,-1.304526,-0.035892,-1.355108,-1.066725,0.487982,0
-0.522045,-2.782528,-0.350645,-0.148429,-1.303932,0.186102,0.410041,-0.35579,1
-0.889669,-0.739944,0.772141,0.558303,0.16797,0.263216,-1.006128,0.218179,0
2.043024,0.487493,-2.036567,1.244646,0.138824,2.361168,-1.991358,1.901098,0
-1.720065,-0.653997,-0.667315,-0.048696,0.685399,-0.940168,-0.239886,-0.040846,0
-0.241906,-0.618006,1.10056,-1.258862,0.122197,-1.828322,-0.024549,-0.315705,0
0.941202,0.132366,0.126563,-0.07206,-0.746282,-0.260675,0.917148,0.434049,0
-0.342585,2.447404,2.447316,-1.166036,-0.605714,-1.640372,-1.360548,-0.186725,0
-1.528694,3.057946,-0.270487,0.226787,1.484204,1.140411,1.920344,-0.937177,1
-0.469248,-0.316428,3.665024,0.894975,0.073234,0.799224,0.336414,-0.400602,0
-1.108466,-0.541562,-1.186787,-0.715248,-2.094146,-0.267243,0.810019,-0.242598,1
-0.597517,0.632648,-0.471399,0.48267,0.408177,-0.345376,0.076082,1.01623,0
-0.924327,0.534271,1.699035,1.329646,1.118222,2.045004,-0.999208,-0.513032,1
-0.112995,0.939031,1.829833,0.34595,-0.804262,0.116079,-0.581673,0.66385,0
-1.701876,-0.211611,-0.086137,0.040162,-0.485482,0.218531,-0.280217,0.065309,1
-1.196373,1.048998,-0.93654,0.368048,-0.330611,0.868392,1.557258,-0.605989,0
1.26457,1.014546,-0.464058,0.095674,-0.700282,0.331376,-0.270209,0.139782,0
0.320867,-0.254626,-0.059875,-0.328807,1.102262,1.292545,0.882221,-0.69264,0
-0.354857,0.840982,0.179956,-0.119887,0.417444,0.242155,1.341629,0.192228,1
-0.922488,-0.963817,-0.700795,-0.333894,1.418209,0.720398,0.184789,-0.512708,0
-1.763378,-1.141034,2.801697,0.818745,-0.011332,-0.331085,0.282652,-1.005203,0
3.360296,1.291877,-0.117495,-0.376739,-1.720818,0.212393,-0.678801,0.155497,0
0.047393,-0.787154,-0.147568,-1.08942,0.278786,0.376713,0.744421,-0.274801,0
-2.353477,-1.092056,-0.382776,-0.062066,-0.323414,-0.451729,0.479598,1.389685,0
-0.63532,3.353268,-0.2725,-0.265071,1.794819,1.183649,1.533231,-0.453307,0
-1.702499,1.354046,-0.949004,0.151478,0.655028,1.202244,1.560258,-0.420561,1
-2.583739,-0.577054,1.75403,1.77946,0.484624,2.409182,-0.371433,-1.049216,1
-1.549125,-0.744929,-1.824667,-0.107512,-0.517507,0.211447,1.67484,-0.206842,0
2.723348,0.15199,0.160953,-0.627938,-0.394291,-0.345348,0.575309,1.13613,0
-0.880727,-1.11966,-1.368271,-0.04321,0.159699,-0.070509,-1.256346,0.032389,0
0.647046,-0.604814,0.134869,-0.443257,-1.161744,-1.011334,0.098236,-0.893088,0
1.751164,0.82232,0.233097,-0.138484,-2.153312,-0.197441,0.053607,-0.424445,0
0.285846,-0.736539,1.406094,0.915129,-0.806149,-0.007715,-0.090164,0.038555,0
-1.475902,0.755615,0.291205,0.782699,-0.087983,0.049289,-0.463783,-0.070641,1
-1.03494,1.125477,-1.513696,-0.358611,0.73185,0.056787,-0.433323,-0.017446,0
2.009153,-0.530223,3.142789,0.45334,0.542743,0.524829,-0.528226,-0.465917,0
1.121747,4.782148,-1.185893,0.309677,0.182485,0.070084,-2.044537,-0.556614,0
-0.04147,0.000148,-1.956765,1.855017,0.416818,1.14404,-1.841125,1.227079,0
-0.994528,0.027369,-0.874989,0.325527,0.303369,-0.399971,-0.137375,0.02307,0
3.464287,1.100077,-0.870272,0.159989,-0.428358,1.767015,-0.062514,0.150605,0
-1.265435,0.281756,-1.135561,-0.429509,0.268922,-0.089989,0.092918,-0.392618,0
-1.079901,0.829904,0.89825,0.383396,1.214691,0.263766,1.12841,0.631252,0
-2.234459,0.718889,-1.36006,0.072083,-1.062814,0.448941,0.596265,-0.382329,1
-0.030124,2.589978,-0.671088,-0.4739,0.468039,0.055574,1.100543,0.009426,1
1.711596,0.012482,-0.566341,0.599609,-1.870052,0.870551,-0.662377,0.140667,0
-0.891648,2.789774,0.802371,-0.476644,0.770135,-1.139005,-0.287908,-0.159998,0
-2.637181,-0.09895,-0.325359,-0.624852,0.032747,0.030534,-0.438615,-0.181994,1
-1.265435,0.281756,-1.135561,-0.429509,0.268922,-0.089989,0.092918,-0.392618,0
-1.231152,1.228716,0.196095,-0.368385,0.567163,-0.802452,-0.360823,-0.355095,1
1.508513,-1.810247,-0.839871,-1.119094,0.536984,-0.592016,0.837865,0.571865,0
2.692966,-0.659355,-0.700221,-0.212853,-0.049081,0.255852,0.529249,0.311974,0
-0.209739,-0.012758,-0.835253,-0.650475,-0.15227,0.060896,-0.288349,-0.406271,1
0.438807,-0.629568,1.653092,0.085974,-1.825763,-0.003728,0.172879,-0.823524,0
-1.726729,0.909862,0.227594,-0.83248,-0.8337,-1.207177,-1.990029,-0.124583,1
-1.079528,0.538164,-1.157163,0.416048,-0.765544,0.265576,-0.224365,-0.404992,1
1.573354,-1.507575,-0.317235,-0.621283,2.318832,0.127413,-1.580843,-0.025937,0
-1.064692,-0.11553,1.994983,-0.6322,0.192908,-0.806656,-0.411666,-0.185556,0
1.141025,-0.967555,0.70817,-1.595698,0.725323,-0.839792,0.539767,-0.801809,0
-0.968824,0.0461,0.680448,0.324339,-2.022658,-0.657541,-0.064611,0.963927,1
-2.62153,-1.726904,-0.115643,-0.267904,0.615359,-0.286361,-0.79999,-1.0897,1
0.237749,-1.537258,1.387468,-0.235797,0.466935,1.511581,-0.487205,-0.080769,1
5.089227,-2.162533,0.662664,8.95787,2.649774,-3.678945,0.888605,-0.077246,0
0.826731,-1.319601,0.710142,0.83142,-0.535833,0.381573,0.388439,0.595862,0
-1.721235,-0.849143,-0.857236,-0.941944,-0.834372,-0.541459,0.123513,0.311423,1
-1.169512,1.053175,-1.11715,-0.351015,-0.992249,-0.079992,0.480815,-0.160355,1
-1.641093,0.134867,1.785757,1.574428,0.162211,1.396734,0.07917,0.662868,1
3.541448,1.733162,0.203409,-0.62612,-0.235053,0.62252,0.730387,-1.054005,0
-1.695728,-3.277171,1.675034,0.609979,0.333903,0.479607,-0.37653,-0.894127,0
-1.574615,-0.495077,-0.085938,0.13941,1.023486,0.252387,0.768742,0.767152,0
-0.87309,-0.51649,0.331573,0.228745,-0.415518,-0.521555,1.459873,0.269255,0
-1.114068,0.822667,-2.100756,-0.08911,1.272513,1.237936,0.708337,-0.40776,0
-2.536673,-0.096439,-0.174675,-0.637184,-0.112479,-0.086766,-0.134332,-0.012379,1
2.050842,-1.75384,3.93137,1.332469,-0.48155,1.990994,0.362061,0.180576,0
-1.334338,-2.14318,1.192995,1.012886,-1.494183,0.694305,-0.740917,-0.083084,1
-1.53959,0.409826,-0.488001,-0.01551,-0.757364,-0.145129,-0.639365,0.116154,1
-1.062833,-0.76197,0.540477,0.664126,-0.212406,-0.845192,-0.386589,0.912492,0
-1.057553,1.128172,0.691018,-0.481646,0.468888,0.569897,0.235807,-0.530529,1
0.560752,-0.085285,0.796905,-0.740063,-1.256881,-0.879148,-0.011263,-0.432058,0
-1.013059,1.463463,-0.241822,0.353445,0.788432,0.137343,-1.214732,-0.669439,0
2.081493,1.054097,-0.258867,0.046132,0.996544,0.75618,0.001435,-0.029716,0
1.689779,-0.605145,1.062813,-0.46706,0.191105,-0.692033,-0.139075,0.75595,0
0.202187,1.081321,-0.039396,-0.152401,-0.153969,0.3461,0.444739,0.235363,0
-0.937754,-0.306684,0.219261,0.754478,0.196632,-0.224541,-0.839546,1.540533,0
-1.166524,-0.791972,-1.044406,-0.089194,-0.258726,0.384536,-0.485476,-0.271741,1
0.232045,0.801093,-0.132123,0.010606,0.084705,-0.229238,0.58029,0.132603,0
-1.511474,-0.542184,0.920067,-0.526333,-0.401768,-1.035426,-0.237075,1.05156,0
-1.15901,-0.56578,-0.69708,-0.656108,-1.280584,-0.101669,-0.507364,-0.378485,1
-3.19089,-0.591755,0.015057,-0.625325,-0.195717,-0.504119,-1.106173,-0.740915,1
-0.926139,0.07562,-1.096791,0.285057,0.285948,0.024576,-0.879906,0.714125,0
2.786466,0.113484,-1.500186,4.990292,-1.347733,-2.931719,1.078828,-1.220805,0
0.429002,1.935147,0.152289,-0.27943,-1.285188,-0.20362,0.406017,-0.388975,0
0.271705,-0.266209,0.653111,1.148681,0.073626,1.635052,-2.294446,0.23001,1
-0.718503,-1.364174,0.98877,1.493575,-0.287222,0.126827,0.407531,1.386432,0
-2.718171,-0.707641,-0.390649,-0.083428,0.491672,0.090931,0.523206,0.035916,1
-0.594747,-1.487426,-1.741466,-0.448012,0.167318,0.16897,-0.901339,-0.169621,1
-0.553913,0.118705,-1.299793,-0.469625,0.242174,-1.450509,-1.550171,0.250793,0
2.215754,0.693473,-0.380045,-0.528679,-0.44023,-0.41505,-1.21175,0.264365,0
2.49911,1.368385,-1.936175,1.488572,2.048405,2.266863,-0.474676,-0.994641,0
-0.76129,1.289878,-1.005171,-0.002681,-1.361339,-0.166872,-1.017388,0.072209,1
-1.984074,-0.252119,0.891264,0.851878,-0.307731,1.820018,-0.296675,0.03496,1
-1.806813,-0.544961,-1.011597,-0.501228,0.18956,-0.748849,-0.642,-0.156933,0
-1.123728,1.162608,0.783876,-0.037698,0.68409,-0.545275,0.359158,0.241327,0
1.015134,0.342211,0.811703,-0.170791,-0.951838,-0.173576,1.245415,0.309608,0
-1.477645,-0.433003,2.123109,1.058942,0.731587,-0.315514,1.315187,0.368299,0
-0.817839,-0.069182,-0.51193,-0.82904,0.188772,-0.028404,-0.227085,-0.180345,1
1.614144,-0.360515,1.468133,0.810345,0.402487,0.641276,0.301002,0.789724,0
-0.019397,2.661679,-0.096317,0.019274,0.528193,-0.041462,1.198217,-0.03537,0
-2.197426,1.175666,1.535698,0.146085,-0.555426,-0.375695,-1.433497,-1.376649,1
0.387268,0.11398,0.049759,0.466114,-1.318997,0.923218,0.633581,0.968062,0
-0.929317,1.122746,-0.466603,0.166103,1.686346,1.048224,-0.712011,-0.216652,1
-2.453993,0.795238,-0.177813,0.230529,0.987806,1.085682,-0.463597,-0.429051,1
-1.80573,0.481506,0.24621,-0.995689,0.295697,-1.559843,-0.642718,0.257121,0
1.577979,-2.050394,-1.878998,-0.424241,0.870626,0.114312,-0.872532,0.258177,0
2.25301,-1.378773,1.813224,-0.111545,1.335171,0.143285,-0.100732,0.432005,0
1.919878,-0.341646,1.507115,-0.501467,0.851636,-0.24868,0.200764,0.11729,0
0.123689,3.077138,-0.329872,0.008607,0.600022,-0.019401,1.354449,-0.068845,0
-2.514276,-0.925142,-0.675325,0.578952,-1.43535,0.654083,0.756846,0.003449,1
0.993644,-0.038062,1.151713,0.729788,-1.425918,-0.311425,0.750607,0.565802,0
-0.955884,-1.914,0.927445,0.766948,-0.436831,-0.546705,0.740822,0.024606,0
-2.481572,-0.268984,-0.267644,-0.37169,-0.192862,-0.581853,-0.38061,0.192622,1
1.576864,1.079523,-0.761703,0.07761,-1.17954,0.32388,-0.667052,-0.180835,0
0.339297,1.969254,0.788117,-0.627541,-0.345294,-0.468315,1.472561,-0.148932,0
1.105034,1.469994,1.295261,0.157868,0.959975,-0.431725,-0.613636,0.253062,0
1.058391,0.198566,-3.310127,4.748566,0.882136,-1.879977,-0.810646,-0.845609,0
2.59567,-0.018802,2.049996,0.436477,-0.822156,1.821721,0.067509,0.067495,0
0.024381,-0.658785,0.445549,-0.593056,-0.916383,0.028633,-1.069425,-0.645023,1
-0.259466,0.854395,0.070092,0.236902,-0.426538,-1.396786,-0.24729,1.069509,1
-0.815575,-0.511425,1.303254,0.186383,0.125909,-0.450454,0.768399,0.197511,0
0.895074,0.066532,-0.943161,-0.957088,0.507032,0.862577,1.362417,-0.952591,0
-2.180873,0.576083,-1.087044,-0.257239,0.540926,0.647387,1.035229,-0.050904,1
-0.875011,0.371726,-0.003623,-0.08356,-0.425642,-1.254824,0.279826,-0.730407,0
0.339782,1.482553,-0.579507,0.881871,0.17406,0.985996,-0.159746,0.617388,0
1.564607,0.304939,1.142762,-0.677368,-0.089128,-1.317758,-0.613794,0.137659,0
0.826208,1.384914,0.406241,-0.090898,0.066825,-0.369384,0.250162,1.366852,0
-0.679135,-1.058231,-0.25102,0.484056,-2.127819,1.010371,-0.038586,0.393862,1
1.589768,0.895855,-0.675007,0.668242,-0.722161,0.521206,-0.600194,0.435011,0
0.633396,0.129257,1.075575,-0.260454,-0.895756,-0.467548,0.759914,0.592722,0
-0.953068,0.850071,0.528507,-0.398663,0.118134,-0.325716,0.273108,0.683744,0
-0.181168,-0.600298,-0.168096,0.670487,-0.938294,0.675775,0.750325,0.046216,0
-0.921285,-0.614176,-0.179888,-0.63162,0.163908,-0.291151,-0.526478,-0.261873,0
-0.325248,0.25083,-2.024598,1.681166,0.489156,-0.506659,-1.847991,0.494342,0
-1.557045,3.24053,0.048754,0.502684,1.692985,1.686961,1.515044,-1.248768,1
1.422211,0.325673,-2.718104,4.43864,-0.01415,-1.676435,-0.998984,-0.697788,0
-1.602954,-0.643051,-1.075203,-0.329561,-0.949168,0.200405,1.124336,-0.365671,1
-0.330972,-0.375265,0.634806,-0.192874,-0.721982,-0.127258,-0.06345,0.325148,0
2.762701,-0.46608,-0.362991,-0.392296,-0.428481,-0.181277,0.16838,0.102878,0
-1.969916,0.180409,0.328173,-0.180767,-0.204945,-0.309369,-1.429669,-0.51874,1
1.476792,-0.309515,0.629587,0.483622,0.108275,0.661885,0.064488,-0.021748,0
-0.63743,-0.261843,1.304714,-0.484412,-0.416794,-0.446015,-0.808453,-0.452252,1
0.865815,0.228488,0.149161,1.508146,-0.236449,0.767074,-0.188051,0.038181,0
-0.220871,1.449394,1.78305,-0.137304,-0.159138,0.241767,-0.888371,-1.145165,1
-1.920119,-0.015952,2.228245,0.018338,-0.01941,-0.901532,-1.062558,-0.643364,0
-1.048299,0.001874,-0.188751,-0.273317,0.173667,-0.332443,0.354957,0.562394,0
-0.49022,-1.370255,-1.225569,-0.662906,0.53218,0.249592,-0.103215,-0.432452,0
-1.768653,-1.855632,1.432927,0.727456,-0.74302,0.713623,-0.696709,-0.676616,0
0.949947,0.156138,0.186825,-0.023801,-0.704992,-0.183327,0.923435,0.40413,0
-0.315281,-0.633783,0.141424,0.430188,0.163008,-0.341702,-1.015914,1.160968,0
0.278208,0.5936,0.492265,0.193229,-0.76365,0.230388,-0.832315,-0.03762,1
-0.450604,-0.426075,0.366612,-0.219506,0.286895,-0.054919,-0.310639,-0.659344,0
1.178995,-0.498,-1.376775,0.118482,-1.019559,0.768219,1.408884,-0.473685,0
-0.718515,-1.449841,-0.13984,-0.492287,0.575706,0.447688,-0.199919,-0.481466,1
-0.636774,-0.681395,-1.624531,0.444578,0.047414,0.002736,0.21908,0.228522,0
0.777669,1.00643,1.275235,0.47471,-0.099889,0.516973,0.630918,1.639208,0
0.095262,1.958871,2.035128,0.575714,-0.853642,-1.230942,-0.667382,0.839215,0
-0.968375,-2.265424,1.700249,-0.102575,0.248116,-0.512778,-0.177765,-0.41541,0
0.588942,-0.957184,-0.8843,-0.47511,-1.66104,-0.447389,-0.578166,-0.059212,1
-1.732679,-1.857984,-2.006742,-0.728327,1.541238,1.094988,1.237938,-0.382572,0
-0.898651,0.616662,0.932319,-0.602301,1.132739,-0.58623,0.054625,-0.05095,0
-1.356069,-1.605112,-0.67183,0.598299,0.05117,0.327322,0.465957,0.628663,0
-1.180502,2.930226,-0.564054,-0.202855,2.671578,0.380945,0.941372,0.392577,1
1.416994,1.804777,3.286242,1.744744,1.590455,-0.925405,-0.030575,0.711017,0
-0.491411,1.545433,-0.093166,-0.702618,-0.665815,-0.468499,-0.809871,-0.277988,1
1.240276,0.889068,-0.399884,-0.201555,-1.160492,0.079797,-0.23621,0.151203,0
-1.550713,-2.30144,0.196482,0.958755,-0.140657,0.102915,0.064261,0.945278,0
-2.200041,0.152998,-0.169334,-0.581836,-0.795122,-0.581396,-0.93765,0.28394,1
2.33299,0.041677,0.429507,-0.762671,-0.585518,-0.023565,0.578646,-0.965895,0
0.486422,0.113137,0.176368,-0.785731,0.199926,-0.003629,0.17391,-0.700503,0
-0.186485,0.715978,-0.64309,0.098092,-0.693178,0.121984,1.160729,-0.929946,0
-2.96387,-0.348749,0.568673,-0.353531,-0.08075,-0.393619,-0.789849,-0.315807,1
-1.967607,-0.009426,0.267591,-0.107098,-0.592801,-0.51039,-0.444458,-0.097922,1
1.156783,0.896864,1.959836,-1.486649,1.684739,-0.580092,-0.130058,0.16405,0
0.996173,-0.460134,0.545017,-0.997633,0.529688,-1.034956,-0.968554,0.122011,0
-0.580525,0.674309,-1.47645,0.312925,0.356236,-0.61239,-0.794325,1.120765,0
-0.612015,0.068089,0.109549,-0.345486,-1.93629,0.228376,0.508627,-0.501523,1
2.145748,0.440927,0.185976,-0.867418,-0.382916,0.365983,0.740043,0.041727,0
0.216586,0.022361,0.829077,-1.304966,0.373417,-0.121246,-0.517656,-0.431675,1
3.321507,-1.318197,0.247766,-0.957452,0.641436,-0.001573,0.052686,0.544455,0
2.73194,0.727841,-0.38769,0.292916,-0.100804,1.321384,-0.165155,0.05565,0
-1.875067,0.57934,2.110193,1.375575,1.965566,1.737926,-0.28496,-1.008517,0
-0.073812,0.270598,0.384135,0.027837,-0.608192,-0.257308,0.962961,0.503063,0
2.991088,-0.383433,1.965178,1.887341,-0.607479,2.341835,-1.577652,-0.475168,0
-1.266152,1.080893,-0.429691,-0.75054,0.361503,-0.872231,-0.570708,0.145954,0
-2.098138,-0.933563,-1.245767,0.567068,-0.095919,0.300216,0.931086,-0.313649,1
1.496169,-1.265388,0.1514,-0.753783,0.299143,-0.02163,-0.402198,0.332568,0
2.271918,-0.763005,0.226256,-1.604728,1.752804,-0.704032,-0.625846,-0.320745,0
-2.52136,-0.661097,0.44489,0.574896,0.281537,0.196311,-0.157609,-0.699852,1
0.916141,-1.216531,0.535287,-0.177579,-1.447428,0.170235,0.244633,-0.104028,1
0.718889,-0.903151,2.888815,-1.149125,0.141054,-1.185152,-0.309552,-0.263312,0
-1.763606,-1.889639,2.094546,0.01712,0.46694,-0.561916,1.077279,-0.614518,0
1.084783,0.907813,-0.734998,-0.385117,-0.244897,0.422134,0.428139,-0.083682,0
4.106133,-0.268015,-0.549207,-0.566095,0.43533,0.75546,-0.340606,0.708495,0
-0.326405,0.340681,-0.132524,-0.085383,-0.981502,-0.90202,0.349061,0.153399,0
1.393088,-0.982835,0.086135,-0.843974,0.064237,-0.321199,0.784064,-0.940553,0
1.462862,-0.587763,-0.94104,-0.147612,0.947353,0.960925,-0.412559,-0.629487,0
1.180532,-1.281542,-0.727508,0.416379,0.526427,0.622893,-1.298208,-0.092133,0
0.290372,1.610757,0.48424,0.276389,-0.914724,-0.044578,1.418133,-0.632536,0
1.04668,2.416277,2.443427,-0.51595,-0.546791,-1.053407,-1.509008,0.241625,1
1.776656,2.076562,-1.956398,0.422102,-0.687341,1.263915,-3.794636,-0.151916,1
-0.274121,-0.360289,1.20124,0.107741,-0.907016,0.238795,-0.015971,-0.350894,0
2.695209,1.729413,0.385477,-1.344641,2.317799,0.060374,0.182551,-0.430977,0
0.265494,0.26148,0.608973,0.081076,0.561804,0.058233,0.085962,0.631454,1
2.154577,-1.802713,0.630047,-1.341647,1.272899,-0.337728,0.449443,-0.965741,0
0.143824,-0.409775,-0.163375,-0.746855,1.205999,-1.126441,-0.491561,0.707497,0
2.315563,-1.149185,0.895333,-1.715603,0.695452,-1.484232,-0.414368,-0.485363,0
1.351775,-2.013018,-0.906843,-1.10636,0.996735,-0.286517,1.134889,0.443008,0
0.807494,1.2389,-0.209313,-0.45563,-0.246521,-0.456206,-0.112281,0.304276,0
0.385658,1.350666,0.089146,0.245579,0.694256,0.661993,0.79937,0.284078,1
-0.923448,0.262991,-1.268512,0.243329,-1.305191,0.111685,0.264218,0.670864,1
1.344363,-0.364586,1.460897,0.713921,-0.66641,1.215611,0.860526,-0.701687,0
-0.13072,-0.758868,-0.570543,1.119038,0.298703,-1.289808,1.377261,0.087,0
-0.458856,-0.493771,-1.080502,0.094459,1.425391,0.236114,1.068628,-0.054632,0
0.358402,-0.469507,-0.578697,-1.193363,1.539732,-0.968154,-0.015532,-0.332305,0
-0.970654,-0.442448,-0.11351,0.823639,1.942414,2.118813,1.258633,0.881758,1
1.508513,-1.810247,-0.839871,-1.119094,0.536984,-0.592016,0.837865,0.571865,0
2.824573,0.209588,-1.49037,5.044141,-1.218955,-3.010948,1.232189,-1.176615,0
-1.057915,0.868886,0.966119,-0.802992,1.53359,-0.68534,-0.128695,0.005746,0
-0.656183,2.130862,-1.034545,0.464552,1.948764,1.469316,1.336191,0.276268,0
-1.750106,-1.055893,-0.648573,-0.116958,-1.437882,0.461994,0.480121,0.607064,1
-2.525879,-0.055449,-0.592623,0.348084,1.070618,1.007339,0.047814,-0.34816,0
1.131711,-0.835445,0.688338,-1.616888,0.979423,-0.789823,0.394906,-0.856936,0
2.354282,-1.618088,0.194652,-0.586653,-0.867044,0.105882,-0.610597,0.296563,0
0.729232,-0.609886,0.560095,0.509696,-0.393122,0.02759,-0.000185,0.532702,0
0.133531,-0.590341,-0.727634,2.614911,0.489417,-1.128748,0.199526,0.195807,0
-1.908352,0.601108,0.236547,-0.549615,0.662138,-1.368002,-0.352885,-0.683541,0
-0.119887,-0.469757,-0.414556,-0.527837,-1.048432,-0.705978,0.079138,0.452964,0
-0.490301,0.309706,-0.567551,-0.883635,-0.344208,-0.629696,-2.007159,0.013804,1
-0.813204,-1.574069,0.091972,-0.962089,0.202348,-0.305404,-0.508696,0.631562,1
-0.2413,-1.687492,0.211791,-0.467461,-0.082097,0.010475,-0.656986,-0.136375,0
-2.564117,0.4283,-0.587245,-0.500675,0.221998,-0.179925,0.249101,-0.298366,1
-2.88924,1.108513,0.04462,-0.796308,0.610249,-0.70118,-0.292256,-0.7307,0
1.244605,-0.043862,0.482278,-0.358177,0.556101,0.200286,-0.474247,0.449312,0
-1.536726,-0.682257,-0.98519,0.090393,-1.05673,0.619353,0.878939,-0.080742,1
-0.607654,-0.270717,-0.080341,0.365528,0.342792,-0.351086,-0.257599,0.376987,1
-0.812694,-0.917872,-0.746066,-0.847303,2.03245,0.583383,0.021625,-0.445594,1
-1.964954,-1.139547,-1.531701,-0.924157,-0.475336,0.213449,-0.124122,-0.09184,1
-0.588355,2.295663,0.399164,-0.429206,0.562918,-0.126754,1.030112,0.167001,0
2.036128,0.106787,-0.45249,0.089252,-0.183447,0.59604,-0.756713,0.245486,0
0.208474,2.408831,-0.098285,0.836009,0.72889,0.940826,-0.013007,-0.589895,0
0.922103,-0.386549,1.264174,0.31058,-1.151127,-0.301695,0.214586,-0.41751,0
1.910458,0.615897,-0.402019,0.768178,-1.218225,1.289458,-0.342614,0.537907,0
-1.301541,-0.957309,0.60586,0.946673,-1.236131,1.260968,-0.852072,-0.097886,1
0.922103,-0.386549,1.264174,0.31058,-1.151127,-0.301695,0.214586,-0.41751,0
1.633069,1.398565,-0.207996,-1.32318,1.587842,0.342125,0.259264,-0.947729,0
-0.825302,1.688144,0.386417,-0.614774,-0.153103,-1.769076,-1.248658,-0.241247,0
1.41977,-1.368271,0.499602,-0.228157,1.616511,0.606057,0.202329,0.143415,0
1.092969,-0.71176,1.02104,-0.276622,0.806243,-0.03233,-0.173531,0.020937,0
-0.221465,1.265852,0.124513,-0.284003,-0.468003,-1.004656,-1.199112,1.115226,0
1.996281,-0.630132,-0.080098,-1.037175,1.792221,-0.641709,-0.437655,-0.353939,0
-0.712781,2.610698,0.185509,-0.056598,-0.38702,1.214782,2.046096,-0.851062,1
-1.785265,0.922284,-0.184793,0.200964,0.741884,1.117148,-0.866849,-0.612088,1
-1.187378,0.851923,-0.075871,-0.792163,0.307004,-0.517871,0.65561,0.529697,1
0.851358,-0.800834,0.084037,-1.223257,-0.913419,-0.306107,0.108579,-0.806198,0
2.426426,1.786112,1.161314,-0.145622,-4.520152,0.239889,2.025208,-0.830698,0
-1.499979,0.244973,-1.273533,-0.668172,0.321681,-0.783043,-0.55263,0.228284,0
-0.400936,-0.277778,3.699805,0.955505,-0.022844,0.813871,0.354327,-0.462954,0
0.750821,1.14036,0.42497,0.970956,-0.564445,0.760584,0.544832,1.325523,0
-2.042743,-0.411392,-0.397244,0.185617,-0.363292,-0.17601,0.418759,-0.016053,1
0.622498,-1.129739,1.447757,-0.037417,-0.801259,0.997735,0.007384,-0.039514,1
-1.003425,0.841309,0.285431,-0.737516,0.422098,-2.16982,-0.679442,-0.18005,0
-1.634378,1.418919,0.029984,-0.100568,-0.452423,0.150139,0.265251,-0.411262,0
-0.682815,0.484662,-0.189846,-0.534956,-0.036608,-1.988374,-0.716862,0.025546,0
1.409135,0.541008,-0.956697,0.449506,-0.617576,1.20255,0.003405,0.41394,0
-1.943886,-0.653253,0.459639,0.23268,-1.10926,0.786565,-0.824256,-0.678237,1
-1.563122,-0.664295,-0.131701,0.305619,-1.379046,0.059814,0.050658,0.20878,1
0.856216,0.068981,0.294826,-0.050264,-1.353303,-0.39369,-0.229415,0.629108,1
-0.714492,0.802977,-0.242919,-0.28851,0.308051,0.084418,0.39782,0.647531,0
-1.588781,-0.188624,-2.67366,-0.210441,-0.303116,0.890068,1.896947,-0.237861,1
0.528476,0.740674,-1.895555,0.699613,-0.304828,0.951751,-2.455816,0.054593,0
1.488534,-0.985096,-0.573632,-0.307021,1.31692,-0.271706,0.922536,1.174486,0
0.909598,0.183643,0.329519,0.793082,-0.970536,1.139841,-0.048673,1.17454,0
1.831614,-0.799801,0.530105,-0.828727,1.926958,-0.602932,-0.604299,-0.627604,0
-0.966048,0.337796,-0.72317,-0.007306,0.745377,0.294548,1.000144,-0.144931,1
-1.559133,-0.280135,-1.282553,-0.60514,1.560985,-0.03655,-0.344325,0.114127,1
1.97246,-1.582008,-1.07711,2.452746,0.203147,0.790504,-1.998168,0.40537,0
-1.878954,-1.293741,-1.7445,0.411605,1.24884,0.777352,0.555115,-0.057948,0
0.610948,0.213786,-0.598581,0.283285,-0.414275,0.020743,0.557237,0.919809,0
-0.311619,-0.127791,-0.478835,1.02205,0.038612,0.736322,-0.423945,1.740076,0
2.5411,-0.872545,0.280597,-1.463195,1.022707,-0.883997,-1.39903,-0.400648,0
-1.16671,0.392649,-1.834624,-0.06213,0.666678,-0.458054,-0.544883,0.151401,0
-0.870752,1.659836,-1.455723,0.01215,1.56124,0.766009,0.846843,0.110905,0
-1.454297,0.89758,0.419833,0.394447,1.893328,0.031637,0.94691,0.864401,1
2.029521,0.864727,2.259123,0.942282,-0.60401,-1.397905,0.076286,1.184605,0
-1.001994,1.648866,1.368959,-0.344164,1.318929,0.599556,0.248665,-0.183039,1
-1.057355,-1.72443,-0.650535,-0.629254,-0.510221,-0.073329,0.443266,-0.171864,1
-0.774228,-1.323891,-1.384843,-0.516262,0.421003,-0.255139,0.406857,0.620419,0
-0.309451,0.074692,0.415613,-0.142179,1.057223,1.308475,0.489974,-0.539565,1
2.028892,-0.841435,-0.428237,-0.755406,0.446885,0.010459,0.300917,0.620195,0
1.227299,1.732571,2.785887,1.428598,1.662965,-1.164385,0.219093,0.614514,0
1.839471,0.888046,-3.675342,4.194817,-0.063211,-1.668023,0.204429,-1.805114,0
-0.186862,-1.44514,-0.365992,-1.184637,-0.716938,-0.183005,0.388398,-0.015371,1
0.816041,-0.827906,3.144927,0.339634,0.245393,0.96676,-0.1153,-0.310653,0
-1.664009,0.255714,-0.742682,0.107896,1.233828,-0.719063,-0.864136,0.136217,1
2.5411,-0.872545,0.280597,-1.463195,1.022707,-0.883997,-1.39903,-0.400648,0
-0.085613,1.685819,0.883393,-1.22932,-0.421386,-1.823492,-1.008809,0.042643,0
0.145365,-0.814067,-1.488042,-0.394713,-0.193148,1.420277,1.597811,-0.409964,0
-2.619339,0.410307,-0.24854,-0.00029,2.346609,-0.215914,-0.058389,-0.840901,0
0.524444,1.060159,0.684163,-0.271417,-0.363985,0.17727,0.131541,-0.006328,0
-2.101649,0.918413,1.173029,-0.043371,-0.142842,0.599196,0.166378,-0.554707,1
0.554216,-0.858811,-0.737993,-0.385189,1.286352,-0.579225,-0.069881,-0.481398,0
0.297501,0.113736,-0.456087,0.284456,-0.532632,-1.991403,0.491722,1.006933,0
3.353073,-1.726489,-1.158797,0.619398,0.646824,-2.054067,-0.177868,-1.872534,1
2.09241,-1.258348,-0.748758,0.417414,-0.074823,0.028169,1.427346,0.519072,0
-0.675228,0.65144,0.834226,-1.126227,-0.293758,-1.052686,-1.33019,-0.081567,0
-2.800852,-0.173066,0.104237,-0.303365,0.393464,0.356259,0.100623,-0.065685,1
-1.10042,-0.613655,-1.495973,-0.230769,0.897015,0.576768,1.525091,-0.325887,0
1.506725,0.383002,1.242136,0.514661,0.872618,0.504006,-0.299789,0.202906,0
-2.840953,-0.445013,0.560159,0.107673,-0.160022,-0.093435,-1.33501,-0.191305,1
-0.493675,-0.389553,0.990311,0.237078,0.01745,-0.153509,0.208579,0.670796,0
-0.22182,0.129259,0.155307,-0.200799,0.658675,-0.073176,-0.090108,-0.606299,0
2.193237,-1.079804,0.203752,-1.666179,1.272609,-0.523884,-0.713166,-0.437479,0
2.306575,-0.510808,-0.017482,0.103225,0.757704,-0.044895,0.479211,0.563979,0
1.984058,0.122165,-1.528779,-0.318562,-0.063296,0.355349,-1.472838,-0.531552,0
-1.356069,-1.605112,-0.67183,0.598299,0.05117,0.327322,0.465957,0.628663,0
-0.196524,0.171445,-0.4963,0.179162,-0.551001,-0.505287,0.12348,1.423068,0
-0.871323,1.44378,0.468011,0.002,0.756942,-0.025993,0.173576,0.086966,0
0.20831,-0.878681,-0.054165,0.271767,-0.979211,0.299637,-0.946684,0.387352,1
2.966728,-0.451306,1.350571,-1.541101,0.550515,-0.990768,-0.49211,-0.438217,0
-0.271179,-1.526562,-0.454327,-0.712362,-0.532703,0.524836,0.390835,-0.286256,1
-1.302326,1.336209,0.363841,-0.648391,1.069408,-0.180841,0.294612,0.146786,0
-2.005566,0.62303,-0.575852,-0.065748,-0.032962,-0.476285,0.683605,-0.27972,1
-0.650776,-1.731187,-0.661786,-0.943615,0.294947,-0.374064,0.401937,0.267919,0
-0.487391,0.847545,1.008776,-0.625068,0.707898,-0.168637,0.239847,0.170055,0
1.395432,0.587809,-0.306708,0.218515,-1.358305,0.465833,0.012863,0.085718,0
1.442482,0.54309,-0.152899,-0.071912,-1.353821,0.159993,-0.032615,0.590418,0
1.767787,-0.209322,-0.142223,-0.376982,-2.607615,0.056397,0.48172,1.107891,0
1.168315,0.299437,1.804705,-0.056732,0.918689,0.65677,-0.000502,0.850573,0
-0.315835,0.420014,-1.721282,-0.498396,0.069191,-0.912502,-0.839129,0.519476,0
2.701984,-0.833061,-0.912654,-1.250235,0.556142,0.32244,-0.182889,-0.625208,0
-0.571032,0.352039,-1.244222,-0.04703,-0.148,0.096858,0.071188,0.148352,1
0.466481,2.968907,-0.045264,-0.092106,-0.20504,0.250677,0.91558,-1.192488,1
-0.297952,0.564833,0.012691,-0.415567,-0.867413,-0.606112,1.044232,0.525486,0
-1.202555,-0.264354,-0.227463,-0.004463,-0.846948,1.452588,0.011975,-0.576586,1
-1.344344,0.391798,-0.884837,-0.063319,1.133134,-0.303228,0.772205,0.374106,0
0.472016,1.791618,-0.536663,0.63477,-0.384573,0.913389,-0.901077,0.688132,0
2.342825,-0.724892,-1.405811,1.161892,0.056508,0.217824,1.001268,-0.010095,0
-0.945413,-1.188764,-1.085847,-1.176989,-0.361531,0.414763,0.439392,0.066854,0
1.482674,-1.296902,0.890547,-0.618498,1.033975,0.425292,0.545,-0.062709,0
1.049492,0.497319,-0.744195,0.541049,-0.216905,0.70177,-0.87686,0.680701,0
0.167715,-2.686619,2.074781,1.917162,1.330853,-0.149595,-0.253007,-0.883596,0
0.298117,-2.211673,0.674153,1.470007,1.990002,-0.849229,0.771423,-0.455994,0
1.940756,-1.510488,-0.59751,-0.720302,-0.019921,-0.440743,1.129959,0.059931,0
1.442479,0.598468,-0.458168,0.237977,-0.981982,0.323649,-0.375249,0.28709,0
-1.659375,-1.963465,0.021122,0.492193,-1.27265,0.913258,-0.005778,-0.414892,1
-1.15371,0.393532,-0.922928,-0.464581,0.452286,0.066349,0.381025,-0.153323,0
-0.688225,1.413049,2.558449,1.046603,0.371599,-0.310832,-1.169595,0.873244,0
1.599794,-0.343036,-0.515762,-0.785887,0.585587,-0.247596,0.987079,-0.312418,0
0.065432,0.426077,0.770919,-0.701004,-0.780032,-0.515923,-0.326711,-0.116435,0
-1.518779,1.596593,-0.8173,-0.111713,0.215186,0.581566,1.042232,-0.38169,1
1.944244,-2.060397,0.669604,-0.866259,1.499627,-0.692168,-0.52558,0.053358,0
-0.010566,1.415478,1.74792,1.008945,-0.014372,-0.022147,-0.821024,1.142937,0
-0.63455,2.918519,1.237078,-0.769592,-1.845141,-0.931365,0.052987,-0.299985,1
1.82563,0.057083,-0.7773,-0.563418,0.145742,1.037863,-0.26633,-1.027795,0
-0.685648,0.247919,-0.314569,-0.024289,0.493882,-0.222685,0.069154,0.36962,0
-0.103717,0.061258,-0.813186,0.342697,-0.656564,-1.037181,0.683361,1.097334,1
-1.527725,-1.465064,-1.4061,0.515264,1.066636,0.285622,0.9777,0.027266,0
-0.242614,0.357255,-1.930581,0.056388,-0.30892,0.402225,0.057995,0.149574,0
-0.475911,1.595479,1.087456,1.291673,1.079119,1.429881,0.607466,0.773258,0
-0.700024,-0.155583,0.24317,3.366948,1.929434,-1.429494,0.848859,-0.593683,0
0.121124,1.005279,-1.906651,-0.225174,-0.683792,-0.11646,-0.081725,0.651214,0
2.997733,0.279497,-1.303085,0.166302,-0.503008,1.717104,-0.580533,-0.604327,0
-1.737713,-0.924162,-0.667168,0.044027,-1.288403,-0.793953,0.21334,-0.080957,1
-0.571339,-1.213427,0.986858,-0.043357,-0.252154,0.468092,0.064152,-0.037221,0
-0.748025,0.265159,-0.774031,-0.422637,-1.50678,-0.277791,0.395078,-0.22639,1
-3.178717,-1.382808,1.44561,-0.781063,0.617074,-1.636345,0.280108,-0.551337,0
0.480485,-0.185488,1.33611,-0.359846,-1.327059,-0.566052,0.803637,0.325883,0
